wall_type,vbr_type,year,length_ft
Veh,Temporary,2004,162.67
Veh,Temporary,2006,133.70
Veh,Temporary,2006,232.08
Veh,Temporary,2001,26.99
Veh,Temporary,2001,21.73
Veh,Permanent,2006,35402.60
Veh,Permanent,2007,682.69
Veh,Temporary,2007,663.24
Veh,Permanent,2007,1294.28
Veh,Permanent,2007,2122.21
Veh,Permanent,2007,976.36
Veh,Permanent,2007,2804.99
Veh,Permanent,2007,721.82
Veh,Temporary,2006,768.63
Veh,Temporary,2006,443.11
Veh,Temporary,2006,311.71
Veh,Permanent,2007,2534.14
Veh,Permanent,2007,1612.49
Veh,Permanent,2007,2707.40
Veh,Permanent,2007,796.92
Veh,Temporary,2007,103.86
Veh,Permanent,2007,187.77
Veh,Permanent,2007,208.68
Veh,Permanent,2007,4481.60
Veh,Permanent,2007,3261.22
Veh,Temporary,2007,508.28
Veh,Temporary,2006,801.17
Veh,Temporary,2006,166.73
Veh,Temporary,2006,17.43
Veh,Temporary,2006,304.36
Veh,Temporary,2007,128.86
Veh,Temporary,2006,401.22
Veh,Temporary,2006,122.51
Veh,Temporary,2006,180.16
Veh,Permanent,2007,3015.68
Veh,Temporary,2007,99.40
Veh,Temporary,2007,252.73
Veh,Permanent,2006,10070.26
Veh,Permanent,2006,884.19
Veh,Permanent,2006,392.35
Veh,Permanent,2006,859.44
Veh,Permanent,2006,394.84
Veh,Permanent,2007,3353.42
Veh,Temporary,2007,928.12
Veh,Temporary,2007,364.07
Veh,Temporary,2007,40.95
Veh,Permanent,2007,172.50
Veh,Permanent,2007,1115.46
Veh,Permanent,2006,6394.69
Veh,Permanent,2006,5234.44
Veh,Permanent,2007,1215.25
Veh,Permanent,2007,145.13
Veh,Permanent,2007,120.17
Veh,Permanent,2007,628.96
Veh,Temporary,2007,1019.57
Veh,Temporary,2007,1960.09
Veh,Permanent,2007,296.16
Veh,Temporary,2007,3040.97
Veh,Temporary,2007,643.73
Veh,Permanent,2007,542.35
Veh,Permanent,2007,1539.45
Veh,Permanent,2006,4571.74
Veh,Temporary,2007,1043.87
Veh,Temporary,2006,1047.64
Veh,Temporary,2006,1109.46
Veh,Temporary,2006,3979.51
Veh,Temporary,2006,357.41
Veh,Permanent,2007,1918.75
Veh,Temporary,2007,774.67
Veh,Temporary,2007,248.60
Veh,Temporary,2007,106.33
Veh,Temporary,2007,38.13
Veh,Temporary,2007,136.09
Veh,Permanent,2007,423.51
Veh,Permanent,2007,530.29
Veh,Permanent,2007,353.61
Veh,Permanent,2007,13.42
Veh,Temporary,2007,1299.39
Veh,Temporary,2007,1171.62
Veh,Permanent,2007,528.79
Veh,Temporary,2007,486.18
Veh,Temporary,2007,1192.28
Veh,Permanent,2007,398.73
Veh,Temporary,2007,101.96
Veh,Permanent,2007,681.25
Veh,Temporary,2007,1258.84
Veh,Temporary,2007,133.54
Veh,Temporary,2007,2310.76
Veh,Temporary,2007,3387.61
Veh,Permanent,2007,859.21
Veh,Permanent,2007,651.83
Veh,Permanent,2007,845.07
Veh,Permanent,2007,58.20
Veh,Permanent,2007,1453.74
Veh,Permanent,2007,276.46
Veh,Temporary,2007,582.33
Veh,Temporary,2007,969.58
Veh,Permanent,2007,128.65
Veh,Temporary,2007,861.70
Veh,Permanent,2007,525.07
Veh,Permanent,2007,458.20
Veh,Permanent,2007,302.47
Veh,Permanent,2007,3086.43
Veh,Temporary,2007,1580.70
Veh,Permanent,2007,278.14
Veh,Permanent,2007,1249.89
Veh,Permanent,2007,2529.31
Veh,Temporary,2007,1407.77
Veh,Permanent,2007,784.43
Veh,Permanent,2007,1105.97
Veh,Permanent,2007,872.79
Veh,Temporary,2007,917.28
Veh,Temporary,2007,1041.10
Veh,Permanent,2007,31.24
Veh,Permanent,2007,1270.15
Veh,Temporary,2007,884.85
Veh,Temporary,2007,1466.10
Veh,Permanent,2007,1554.52
Veh,Temporary,2007,1807.00
Veh,Permanent,2007,1643.66
Veh,Permanent,2007,868.88
Veh,Permanent,2007,1394.10
Veh,Permanent,2007,298.68
Veh,Permanent,2007,161.36
Veh,Permanent,2007,207.93
Veh,Permanent,2007,698.45
Veh,Permanent,2007,42.05
Veh,Permanent,2007,659.24
Veh,Temporary,2007,2522.44
Veh,Permanent,2007,2386.21
Veh,Temporary,2007,800.62
Veh,Permanent,2007,1216.09
Veh,Permanent,2007,1240.09
Veh,Permanent,2007,269.64
Veh,Permanent,2007,346.93
Veh,Permanent,2007,1022.63
Veh,Permanent,2007,1201.14
Veh,Permanent,2007,2960.80
Veh,Permanent,2007,1211.05
Veh,Permanent,2007,1526.64
Veh,Permanent,2007,847.75
Veh,Permanent,2007,2206.11
Veh,Permanent,2007,161.80
Veh,Permanent,2007,394.13
Veh,Permanent,2007,228.02
Veh,Permanent,2007,779.40
Veh,Permanent,2007,511.55
Veh,Temporary,2007,696.05
Veh,Permanent,2007,11863.27
Veh,Permanent,2006,3665.00
Veh,Temporary,2007,2088.38
Veh,Permanent,2007,828.60
Veh,Permanent,2007,214.49
Veh,Permanent,2007,995.50
Veh,Temporary,2007,1634.17
Veh,Permanent,2006,1132.08
Veh,Permanent,2006,89.86
Veh,Permanent,2006,94.99
Veh,Permanent,2006,317.38
Veh,Temporary,2007,5383.04
Veh,Permanent,2007,2825.02
Veh,Permanent,2007,1122.83
Veh,Temporary,2007,55.97
Veh,Temporary,2007,760.29
Veh,Temporary,2007,2581.06
Veh,Permanent,2007,628.75
Veh,Temporary,2007,2013.90
Veh,Permanent,2007,66.52
Veh,Permanent,2007,236.58
Veh,Temporary,2007,141.95
Veh,Permanent,2007,449.16
Veh,Permanent,2007,285.20
Veh,Permanent,2007,2700.57
Veh,Permanent,2007,390.75
Veh,Permanent,2007,1782.52
Veh,Permanent,2007,233.21
Veh,Temporary,2007,1052.30
Veh,Permanent,2007,1667.83
Veh,Permanent,2007,2199.24
Veh,Permanent,2007,221.66
Veh,Permanent,2007,1310.17
Veh,Permanent,2007,3441.08
Veh,Permanent,2007,1053.86
Veh,Permanent,2007,1413.57
Veh,Permanent,2007,419.09
Veh,Permanent,2007,1901.14
Veh,Permanent,2007,902.92
Veh,Permanent,2007,816.95
Veh,Permanent,2007,4914.94
Veh,Permanent,2007,1431.71
Veh,Permanent,2007,1881.77
Veh,Permanent,2007,1479.02
Veh,Permanent,2007,329.89
Veh,Permanent,2007,247.05
Veh,Temporary,2007,158.98
Veh,Temporary,2007,58.12
Veh,Temporary,2007,892.17
Veh,Permanent,2007,8829.99
Veh,Permanent,2007,8865.94
Veh,Permanent,2006,6209.27
Veh,Permanent,2007,523.67
Veh,Permanent,2007,1666.13
Veh,Permanent,2007,604.41
Veh,Permanent,2007,140.94
Veh,Permanent,2007,146.59
Veh,Permanent,2007,46.32
Veh,Permanent,2007,327.93
Veh,Permanent,2007,1528.55
Veh,Permanent,2007,755.55
Veh,Permanent,2007,7400.25
Veh,Temporary,2007,683.40
Veh,Permanent,2008,483.80
Veh,Temporary,2008,4500.81
Veh,Temporary,2008,87.61
Veh,Temporary,2007,538.10
Veh,Temporary,2007,309.10
Veh,Temporary,2007,445.62
Veh,Temporary,2007,1173.04
Veh,Temporary,2007,934.58
Veh,Temporary,2007,980.55
Veh,Permanent,2006,34186.21
Veh,Permanent,2006,5468.62
Veh,Temporary,2008,34.03
Veh,Permanent,2008,14117.41
Veh,Permanent,2008,8240.97
Veh,Temporary,2007,1331.20
Veh,Temporary,2008,1080.94
Veh,Permanent,2008,402.44
Veh,Permanent,2008,1742.65
Veh,Permanent,2008,957.65
Veh,Temporary,2008,1081.93
Veh,Temporary,2008,601.24
Veh,Temporary,2008,117.68
Veh,Temporary,2008,1335.12
Veh,Permanent,2008,2555.86
Veh,Temporary,2008,2189.39
Veh,Temporary,2008,277.20
Veh,Temporary,2008,645.21
Veh,Temporary,2008,1100.39
Veh,Temporary,2008,1903.73
Veh,Temporary,2008,2349.67
Veh,Temporary,2008,60.92
Veh,Permanent,2008,617.90
Veh,Permanent,2008,7277.10
Veh,Permanent,2008,4100.57
Veh,Permanent,2008,78.81
Veh,Permanent,2008,45.42
Veh,Permanent,2008,334.91
Veh,Temporary,2008,35.48
Veh,Temporary,2007,709.48
Veh,Permanent,2008,419.91
Veh,Permanent,2007,562.66
Veh,Temporary,2008,926.45
Veh,Temporary,2008,31862.95
Veh,Permanent,2007,1398.43
Veh,Permanent,2007,1056.19
Veh,Permanent,2007,16.99
Veh,Temporary,2008,6025.82
Veh,Temporary,2008,30.26
Veh,Permanent,2008,1637.88
Veh,Temporary,2008,2900.04
Veh,Permanent,2008,1718.87
Veh,Permanent,2008,1046.85
Veh,Temporary,2008,107.65
Veh,Temporary,2008,941.86
Veh,Temporary,2008,1929.11
Veh,Permanent,2008,161.35
Veh,Permanent,2008,102.49
Veh,Permanent,2008,54.27
Veh,Permanent,2008,146.81
Veh,Permanent,2008,4979.57
Veh,Permanent,2008,1047.82
Veh,Permanent,2008,1948.52
Veh,Temporary,2008,29.25
Veh,Temporary,2008,1043.74
Veh,Permanent,2008,828.28
Veh,Permanent,2008,1144.74
Veh,Temporary,2008,385.41
Veh,Temporary,2008,60.99
Veh,Permanent,2008,801.54
Veh,Permanent,2008,1260.50
Veh,Permanent,2008,555.69
Veh,Permanent,2008,983.93
Veh,Permanent,2008,3013.04
Veh,Permanent,2008,2243.61
Veh,Temporary,2008,186.35
Veh,Temporary,2008,731.54
Veh,Permanent,2008,1217.96
Veh,Permanent,2008,1560.56
Veh,Permanent,2008,377.32
Veh,Permanent,2008,153.75
Veh,Permanent,2008,5483.16
Veh,Permanent,2008,503.08
Veh,Permanent,2008,1859.30
Veh,Permanent,2008,1157.14
Veh,Temporary,2008,1185.96
Veh,Temporary,2008,488.56
Veh,Temporary,2008,1014.44
Veh,Permanent,2008,711.82
Veh,Permanent,2008,281.05
Veh,Permanent,2008,311.91
Veh,Permanent,2008,4294.01
Veh,Permanent,2007,3012.42
Veh,Temporary,2007,737.49
Veh,Temporary,2007,95.08
Veh,Temporary,2008,459.18
Veh,Temporary,2008,377.33
Veh,Temporary,2008,3762.28
Veh,Temporary,2008,319.54
Veh,Permanent,2008,1385.30
Veh,Permanent,2008,61.67
Veh,Permanent,2008,145.88
Veh,Permanent,2008,141.94
Veh,Permanent,2008,248.30
Veh,Permanent,2008,281.26
Veh,Permanent,2008,294.83
Veh,Permanent,2008,41.45
Veh,Permanent,2008,169.25
Veh,Permanent,2008,728.52
Veh,Permanent,2008,447.06
Veh,Permanent,2008,655.60
Veh,Permanent,2008,210.48
Veh,Permanent,2008,2253.51
Veh,Permanent,2008,567.66
Veh,Permanent,2008,124.21
Veh,Permanent,2008,19.72
Veh,Permanent,2008,427.27
Veh,Temporary,2008,198.83
Veh,Permanent,2008,1130.95
Veh,Permanent,2007,16570.95
Veh,Permanent,2008,2431.91
Veh,Permanent,2008,3128.54
Veh,Permanent,2008,2325.38
Veh,Permanent,2008,1770.11
Veh,Permanent,2008,182.79
Veh,Permanent,2008,230.75
Veh,Permanent,2008,531.91
Veh,Permanent,2008,111.46
Veh,Temporary,2008,147.09
Veh,Permanent,2008,412.16
Veh,Temporary,2008,47.73
Veh,Permanent,2008,156.64
Veh,Temporary,2008,322.21
Veh,Temporary,2008,50.96
Veh,Temporary,2008,4327.13
Veh,Permanent,2008,1379.58
Veh,Permanent,2008,1789.79
Veh,Permanent,2008,1234.63
Veh,Permanent,2008,2245.00
Veh,Temporary,2008,41.45
Veh,Permanent,2008,1944.68
Veh,Temporary,2008,1808.10
Veh,Temporary,2008,62.05
Veh,Permanent,2008,2118.31
Veh,Permanent,2008,1143.64
Veh,Temporary,2008,198.51
Veh,Temporary,2008,1093.63
Veh,Permanent,2008,1158.26
Veh,Permanent,2006,9492.73
Veh,Permanent,2008,682.56
Veh,Permanent,2008,2115.71
Veh,Permanent,2008,684.06
Veh,Permanent,2008,713.72
Veh,Permanent,2008,663.84
Veh,Permanent,2008,710.26
Veh,Permanent,2008,695.88
Veh,Permanent,2008,718.13
Veh,Permanent,2008,2017.66
Veh,Permanent,2008,1341.67
Veh,Permanent,2008,2314.94
Veh,Permanent,2007,5132.80
Veh,Permanent,2008,3458.93
Veh,Permanent,2008,490.17
Veh,Permanent,2008,540.94
Veh,Permanent,2008,1265.65
Veh,Permanent,2008,626.84
Ped,Secondary,1998,18862.07
Veh,Permanent,2008,1067.13
Veh,Permanent,2008,715.67
Veh,Permanent,2007,1322.74
Veh,Permanent,2007,773.20
Veh,Permanent,2007,1876.95
Veh,Permanent,2007,1237.68
Veh,Permanent,2007,2060.20
Veh,Permanent,2007,945.86
Veh,Permanent,2007,44.71
Veh,Permanent,2007,1808.01
Veh,Permanent,2008,173.61
Veh,Permanent,2008,73.04
Veh,Permanent,2008,1044.68
Veh,Permanent,2008,496.21
Veh,Permanent,2008,1168.34
Veh,Permanent,2008,907.65
Veh,Temporary,2008,89.81
Veh,Temporary,2008,703.91
Veh,Permanent,2008,692.51
Veh,Temporary,2007,5201.83
Veh,Temporary,2007,1458.58
Veh,Permanent,2008,969.36
Veh,Permanent,2008,1848.58
Veh,Permanent,2008,633.06
Veh,Temporary,2008,210.97
Veh,Temporary,2008,569.35
Veh,Temporary,2008,93.66
Veh,Temporary,2008,356.05
Veh,Temporary,2007,145.42
Veh,Permanent,2008,3774.07
Veh,Permanent,2008,1807.75
Veh,Permanent,2008,2813.59
Veh,Temporary,2008,84.41
Veh,Temporary,2006,747.68
Veh,Temporary,2006,539.65
Veh,Temporary,2006,14.63
Veh,Temporary,2006,1326.56
Veh,Temporary,2006,1362.87
Veh,Temporary,2006,569.30
Veh,Permanent,2008,324.33
Veh,Permanent,2008,2800.75
Veh,Permanent,2008,650.05
Veh,Permanent,2008,662.25
Veh,Temporary,2008,490.01
Veh,Temporary,2008,629.85
Veh,Temporary,2008,414.43
Veh,Temporary,2008,216.40
Veh,Temporary,2008,750.89
Veh,Temporary,2008,170.40
Veh,Temporary,2008,67.74
Veh,Permanent,2008,3772.37
Veh,Permanent,2008,2211.07
Veh,Temporary,2008,165.30
Veh,Temporary,2008,133.89
Veh,Temporary,2008,747.55
Veh,Temporary,2008,740.10
Veh,Permanent,2008,111.19
Veh,Permanent,2008,100.88
Veh,Permanent,2008,907.11
Veh,Permanent,2008,1407.02
Veh,Permanent,2008,974.61
Veh,Permanent,2008,1178.27
Veh,Permanent,2008,5933.74
Veh,Permanent,2008,2412.37
Veh,Permanent,2008,817.05
Veh,Permanent,2008,9758.61
Veh,Permanent,2008,42.92
Veh,Permanent,2008,92.36
Veh,Permanent,2008,153.59
Veh,Permanent,2008,108.59
Veh,Permanent,2008,18.45
Veh,Permanent,2008,16.50
Veh,Permanent,2008,52.90
Veh,Permanent,2008,133.13
Veh,Permanent,2008,149.76
Veh,Permanent,2008,94.98
Veh,Permanent,2008,312.49
Veh,Permanent,2008,212.72
Veh,Temporary,2008,15.16
Veh,Permanent,2008,7134.30
Veh,Permanent,2008,164.47
Veh,Permanent,2008,2645.62
Veh,Temporary,2006,501.04
Veh,Temporary,2008,3941.76
Veh,Temporary,2008,4205.23
Veh,Temporary,2008,13989.48
Veh,Permanent,2008,236.97
Veh,Temporary,2008,10313.11
Veh,Temporary,2008,2341.39
Veh,Temporary,2008,611.37
Veh,Permanent,2008,391.37
Veh,Permanent,2008,2207.13
Veh,Permanent,2008,438.25
Veh,Temporary,2008,6959.39
Veh,Temporary,2008,1416.06
Veh,Permanent,2008,10280.34
Veh,Permanent,2008,787.78
Veh,Permanent,2008,1006.56
Veh,Permanent,2008,75.80
Veh,Permanent,2008,940.44
Veh,Permanent,2008,776.07
Veh,Permanent,2008,856.67
Veh,Temporary,2008,16305.59
Veh,Permanent,2008,125.55
Veh,Permanent,2008,765.60
Veh,Permanent,2008,774.84
Veh,Permanent,2008,232.10
Veh,Temporary,2008,454.37
Veh,Temporary,2008,237.74
Veh,Temporary,2008,1464.71
Veh,Temporary,2008,988.53
Veh,Permanent,2008,957.05
Veh,Permanent,2008,232.07
Veh,Permanent,2008,2622.55
Veh,Permanent,2008,4782.43
Veh,Permanent,2008,2819.80
Veh,Permanent,2008,3460.90
Veh,Permanent,2008,5686.19
Veh,Permanent,2008,9567.05
Veh,Temporary,2008,4589.24
Veh,Temporary,2008,735.68
Veh,Temporary,2008,115.42
Veh,Temporary,2008,73.15
Veh,Permanent,2008,13.43
Veh,Permanent,2008,5443.47
Veh,Temporary,2008,59.98
Veh,Temporary,2008,39.46
Veh,Temporary,2008,63.26
Veh,Temporary,2007,596.39
Veh,Permanent,2008,1705.57
Veh,Permanent,2008,512.29
Veh,Permanent,2008,293.87
Veh,Permanent,2008,160.18
Veh,Permanent,2008,281.69
Veh,Permanent,2008,645.29
Veh,Permanent,2008,3189.48
Veh,Permanent,2008,328.84
Veh,Permanent,2008,785.47
Veh,Permanent,2008,728.66
Veh,Permanent,2008,2609.20
Veh,Permanent,2008,5263.19
Veh,Permanent,2008,582.25
Veh,Permanent,2008,798.97
Veh,Permanent,2008,733.37
Veh,Permanent,2008,149.11
Veh,Permanent,2008,209.79
Veh,Permanent,2008,2263.80
Veh,Permanent,2008,226.79
Veh,Permanent,2008,912.41
Veh,Permanent,2008,339.04
Veh,Permanent,2008,177.75
Veh,Permanent,2008,1668.58
Veh,Permanent,2008,20.16
Veh,Permanent,2008,95.60
Veh,Permanent,2008,2698.65
Veh,Temporary,2008,12002.53
Veh,Temporary,2008,532.48
Veh,Permanent,2008,1584.19
Veh,Permanent,2008,5980.41
Veh,Permanent,2008,5395.38
Veh,Permanent,2008,1059.77
Veh,Permanent,2008,3248.20
Veh,Temporary,2008,552.22
Veh,Temporary,2008,1458.65
Veh,Temporary,2008,1371.27
Veh,Permanent,2008,434.17
Veh,Permanent,2008,1965.44
Veh,Temporary,2008,213.22
Veh,Temporary,2008,1683.10
Veh,Permanent,2008,274.82
Veh,Permanent,2008,641.36
Veh,Permanent,2008,2247.31
Veh,Temporary,2008,1044.04
Veh,Temporary,2008,914.95
Veh,Temporary,2008,17572.94
Veh,Permanent,2008,62.81
Veh,Temporary,2008,7334.23
Veh,Temporary,2008,1949.26
Veh,Permanent,2008,86.46
Veh,Permanent,2008,57.49
Veh,Permanent,2008,76.89
Veh,Permanent,2008,135.72
Veh,Permanent,2008,106.50
Veh,Permanent,2008,744.59
Veh,Permanent,2008,1202.56
Veh,Permanent,2008,1406.18
Veh,Permanent,2008,149.78
Veh,Permanent,2008,13.78
Veh,Permanent,2008,19.60
Veh,Permanent,2008,812.70
Veh,Permanent,2008,8826.51
Veh,Permanent,2008,6348.11
Veh,Temporary,2008,2748.75
Veh,Permanent,2008,2539.89
Veh,Temporary,2008,861.93
Veh,Permanent,2008,984.97
Veh,Permanent,2008,1101.83
Veh,Permanent,2008,10007.33
Veh,Permanent,2008,137.79
Veh,Permanent,2008,521.49
Veh,Permanent,2008,3511.15
Veh,Permanent,2008,1228.51
Veh,Permanent,2008,47.26
Veh,Permanent,2008,2595.89
Veh,Permanent,2008,230.35
Veh,Permanent,2008,97.91
Veh,Permanent,2008,88.72
Veh,Permanent,2008,75.81
Veh,Permanent,2008,58.48
Veh,Permanent,2008,98.88
Veh,Permanent,2008,438.22
Veh,Permanent,2008,231.41
Veh,Permanent,2008,781.23
Veh,Permanent,2008,1097.30
Veh,Permanent,2008,107.65
Veh,Permanent,2008,595.01
Veh,Permanent,2008,855.36
Veh,Permanent,2008,311.61
Veh,Temporary,2008,377.54
Veh,Permanent,2008,1767.24
Veh,Temporary,2008,166.06
Veh,Permanent,2008,217.46
Veh,Temporary,2008,563.32
Veh,Permanent,2008,121.73
Veh,Temporary,2008,1860.35
Veh,Temporary,2008,780.69
Veh,Permanent,2008,106.21
Veh,Temporary,2008,590.70
Veh,Permanent,2008,55.11
Veh,Temporary,2008,364.30
Veh,Permanent,2008,108.71
Veh,Temporary,2008,187.43
Veh,Permanent,2008,47.67
Veh,Permanent,2008,66.95
Veh,Permanent,2008,56.09
Veh,Permanent,2008,94.49
Veh,Permanent,2008,373.30
Veh,Permanent,2008,110.65
Veh,Permanent,2008,512.89
Veh,Permanent,2008,63.51
Veh,Permanent,2008,4507.20
Veh,Permanent,2008,3507.87
Veh,Permanent,2008,1630.00
Veh,Permanent,2008,3492.15
Veh,Permanent,2008,2806.72
Veh,Permanent,2008,2148.74
Veh,Permanent,2008,3304.93
Veh,Permanent,2008,131.80
Veh,Permanent,2008,431.72
Veh,Permanent,2008,299.60
Veh,Permanent,2008,270.99
Veh,Permanent,2008,682.77
Veh,Temporary,2008,2117.98
Veh,Temporary,2008,522.21
Veh,Temporary,2008,241.20
Veh,Temporary,2008,7.53
Veh,Permanent,2008,2153.80
Veh,Permanent,2008,4908.96
Veh,Permanent,2008,5101.65
Veh,Permanent,2008,1744.15
Veh,Temporary,2008,34.53
Veh,Permanent,2008,10034.46
Veh,Permanent,2008,110.90
Veh,Temporary,2008,242.87
Veh,Temporary,2008,214.04
Veh,Permanent,2008,39.18
Veh,Temporary,2008,641.66
Veh,Temporary,2008,160.13
Veh,Permanent,2008,219.79
Veh,Temporary,2008,754.12
Veh,Permanent,2008,777.80
Veh,Temporary,2008,189.30
Veh,Permanent,2008,76.75
Veh,Permanent,2008,277.48
Veh,Permanent,2008,183.20
Veh,Permanent,2008,251.65
Veh,Temporary,2008,1360.10
Veh,Permanent,2008,114.39
Veh,Permanent,2008,92.40
Veh,Permanent,2008,554.78
Veh,Permanent,2008,60.97
Veh,Permanent,2008,417.01
Veh,Permanent,2008,429.96
Veh,Permanent,2008,278.92
Veh,Permanent,2008,369.90
Veh,Permanent,2008,185.22
Veh,Permanent,2008,900.96
Veh,Permanent,2008,387.78
Veh,Permanent,2008,2868.01
Veh,Permanent,2008,5239.36
Veh,Permanent,2008,2845.75
Veh,Permanent,2008,298.63
Veh,Permanent,2008,51.75
Veh,Permanent,2008,72.62
Veh,Permanent,2008,7109.08
Veh,Permanent,2008,595.74
Veh,Permanent,2008,1211.83
Veh,Permanent,2008,148.35
Veh,Permanent,2008,283.70
Veh,Permanent,2008,168.53
Veh,Permanent,2008,106.97
Veh,Permanent,2008,186.81
Veh,Permanent,2008,85.44
Veh,Permanent,2008,228.99
Veh,Permanent,2008,242.45
Veh,Permanent,2008,436.50
Veh,Permanent,2008,5983.26
Veh,Permanent,2008,2910.93
Veh,Permanent,2008,907.82
Veh,Permanent,2008,1001.26
Veh,Permanent,2008,2741.60
Veh,Permanent,2008,1224.90
Veh,Temporary,2008,1904.83
Veh,Temporary,2008,28.57
Veh,Temporary,2008,38.85
Veh,Temporary,2008,78.45
Veh,Permanent,2008,351.34
Veh,Temporary,2008,52.64
Veh,Temporary,2008,36.16
Veh,Permanent,2008,268.49
Veh,Temporary,2008,27.91
Veh,Permanent,2008,265.06
Veh,Temporary,2008,38.25
Veh,Permanent,2008,127.93
Veh,Temporary,2008,60.88
Veh,Permanent,2008,45.75
Veh,Permanent,2008,12.21
Veh,Permanent,2008,379.12
Veh,Permanent,2008,9.32
Veh,Permanent,2008,15.20
Veh,Permanent,2008,195.36
Veh,Temporary,2008,141.40
Veh,Permanent,2008,195.85
Veh,Temporary,2008,133.04
Veh,Temporary,2008,312.61
Veh,Permanent,2008,17.15
Veh,Temporary,2008,2605.16
Veh,Temporary,2008,1131.82
Veh,Temporary,2008,41.71
Veh,Temporary,2008,168.40
Veh,Temporary,2008,409.07
Veh,Temporary,2008,536.11
Veh,Temporary,2008,10435.76
Veh,Permanent,2008,184.19
Veh,Permanent,2008,744.32
Veh,Permanent,2008,73.24
Veh,Permanent,2008,22.14
Veh,Permanent,2008,8371.04
Veh,Temporary,2008,212.73
Veh,Permanent,2008,64.71
Veh,Permanent,2008,34.66
Veh,Permanent,2008,82.24
Veh,Permanent,2008,289.08
Veh,Permanent,2008,500.81
Veh,Permanent,2008,1927.63
Veh,Permanent,2008,3047.86
Veh,Permanent,2008,783.93
Veh,Permanent,2008,1840.31
Veh,Permanent,2008,558.04
Veh,Permanent,2008,937.84
Veh,Permanent,2008,3713.18
Veh,Permanent,2008,548.87
Veh,Permanent,2008,3924.68
Veh,Permanent,2008,1250.30
Veh,Permanent,2008,2422.83
Veh,Permanent,2008,1946.60
Veh,Permanent,2008,16593.17
Veh,Permanent,2008,3687.48
Veh,Permanent,2008,3448.16
Veh,Permanent,2008,119.88
Veh,Permanent,2008,2911.85
Veh,Temporary,2008,892.41
Veh,Temporary,2008,7547.18
Veh,Permanent,2008,3618.51
Veh,Temporary,2009,224.63
Veh,Permanent,2008,9188.28
Veh,Permanent,2008,6502.46
Veh,Permanent,2008,1150.33
Veh,Permanent,2008,1165.95
Veh,Permanent,2008,196.77
Veh,Permanent,2008,1706.58
Veh,Permanent,2008,737.63
Veh,Permanent,2008,854.14
Veh,Permanent,2008,3247.12
Veh,Permanent,2008,101.48
Veh,Permanent,2008,5250.94
Veh,Permanent,2008,1767.45
Veh,Permanent,2008,4621.91
Veh,Permanent,2008,889.31
Veh,Permanent,2008,543.32
Veh,Permanent,2008,2395.76
Veh,Permanent,2008,212.05
Veh,Permanent,2008,118.75
Veh,Permanent,2008,127.62
Veh,Permanent,2008,47.81
Veh,Permanent,2008,79.84
Veh,Permanent,2008,79.68
Veh,Permanent,2008,21.94
Veh,Permanent,2008,28.42
Veh,Permanent,2008,51.23
Veh,Permanent,2008,141.58
Veh,Permanent,2008,151.02
Veh,Permanent,2008,70.25
Veh,Permanent,2008,242.46
Veh,Permanent,2008,3686.31
Veh,Permanent,2008,452.83
Veh,Permanent,2009,1486.85
Veh,Temporary,2006,860.15
Veh,Permanent,2009,2314.76
Veh,Permanent,2009,2339.30
Veh,Permanent,2009,21.89
Veh,Permanent,2009,509.61
Veh,Permanent,2009,1236.22
Veh,Permanent,2009,113.44
Veh,Permanent,2009,670.94
Veh,Permanent,2009,1598.78
Veh,Permanent,2009,187.88
Veh,Permanent,2009,315.32
Veh,Permanent,2009,125.51
Veh,Permanent,2008,189.84
Veh,Temporary,2009,52.76
Veh,Permanent,2009,17.28
Veh,Temporary,2009,4756.12
Veh,Temporary,2009,123.15
Veh,Temporary,2009,14514.36
Veh,Temporary,2009,18114.87
Veh,Temporary,2009,5242.95
Veh,Temporary,2009,1042.18
Veh,Temporary,2008,449.01
Veh,Temporary,2009,3909.19
Veh,Temporary,2009,1587.27
Veh,Temporary,2009,1439.94
Veh,Permanent,2009,32.71
Veh,Permanent,2009,170.41
Veh,Permanent,2008,1420.42
Veh,Permanent,2009,194.31
Veh,Permanent,2008,587.85
Veh,Permanent,2009,147.02
Veh,Permanent,2009,166.94
Veh,Permanent,2009,58.32
Veh,Permanent,2009,112.33
Veh,Permanent,2009,170.82
Veh,Permanent,2009,23.45
Veh,Permanent,2009,38.30
Veh,Permanent,2009,154.38
Veh,Permanent,2009,110.51
Veh,Permanent,2008,265.09
Veh,Permanent,2008,186.50
Veh,Permanent,2009,25.95
Veh,Permanent,2009,28.48
Veh,Permanent,2009,85.29
Veh,Permanent,2009,26.74
Veh,Temporary,2009,216.97
Veh,Temporary,2009,160.41
Veh,Temporary,2009,3284.92
Veh,Permanent,2009,68.99
Veh,Permanent,2009,68.87
Veh,Permanent,2009,66.49
Veh,Permanent,2009,91.65
Veh,Permanent,2009,2906.72
Veh,Permanent,2009,214.52
Ped,Secondary,2008,735.05
Veh,Permanent,2009,4010.84
Veh,Permanent,2009,2639.99
Veh,Permanent,2009,15.94
Veh,Temporary,2009,5749.78
Veh,Temporary,2009,2644.13
Veh,Permanent,2009,767.12
Veh,Permanent,2009,25.28
Veh,Permanent,2009,227.40
Veh,Permanent,2009,62.37
Veh,Permanent,2009,158.40
Veh,Permanent,2009,430.47
Veh,Permanent,2009,924.57
Veh,Permanent,2008,67.66
Veh,Permanent,2008,19.92
Veh,Permanent,2009,3701.29
Veh,Permanent,2009,1737.10
Veh,Temporary,2009,226.66
Veh,Temporary,2006,237.25
Veh,Permanent,2006,271.29
Veh,Permanent,2006,32.20
Veh,Temporary,1999,30.77
Veh,Temporary,1999,135.96
Veh,Permanent,1999,122.63
Veh,Temporary,1999,57.23
Veh,Permanent,1999,62.70
Veh,Temporary,2009,30.46
Veh,Temporary,2006,23891.14
Veh,Temporary,2006,90.95
Veh,Temporary,2009,537.39
Veh,Temporary,2009,21683.97
Veh,Temporary,2009,11277.43
Veh,Temporary,2009,2194.61
Veh,Temporary,2009,36.03
Veh,Temporary,2009,22.14
Veh,Permanent,2009,162.04
Veh,Temporary,2009,221.90
Veh,Permanent,2009,103.84
Veh,Permanent,2008,37.43
Veh,Temporary,2008,72.09
Veh,Temporary,2008,139.90
Veh,Permanent,2009,329.99
Veh,Permanent,2009,959.78
Veh,Permanent,2009,407.80
Veh,Permanent,2009,1346.83
Veh,Permanent,2008,10.73
Veh,Permanent,2008,653.76
Veh,Permanent,2008,20.31
Veh,Permanent,2008,559.60
Veh,Permanent,2008,6172.33
Veh,Permanent,2008,1785.70
Veh,Temporary,2007,1228.28
Veh,Permanent,2008,356.53
Veh,Temporary,2009,59.42
Veh,Temporary,1999,74.55
Veh,Temporary,1999,93.65
Veh,Temporary,1999,83.13
Veh,Permanent,1999,219.32
Veh,Permanent,2008,8492.61
Veh,Permanent,2008,3720.56
Veh,Permanent,2008,2273.33
Veh,Temporary,2008,27976.29
Veh,Temporary,2008,24152.24
Veh,Permanent,2008,2686.59
Ped,Secondary,2008,81.35
Veh,Temporary,2008,16639.80
Veh,Temporary,2008,7299.04
Veh,Permanent,2000,13822.56
Veh,Temporary,2008,22916.98
Veh,Permanent,2008,1166.11
Veh,Temporary,2008,10822.46
Veh,Temporary,2008,3822.33
Veh,Temporary,2008,12297.16
Veh,Temporary,2008,27673.57
Veh,Temporary,2008,936.20
Veh,Permanent,2008,1598.35
Veh,Permanent,2008,2162.80
Veh,Temporary,2008,14158.06
Veh,Temporary,2008,10429.64
Veh,Temporary,2008,143.26
Veh,Temporary,2008,3880.89
Veh,Temporary,2008,14652.57
Veh,Temporary,2008,3087.89
Veh,Temporary,2008,4383.35
Veh,Permanent,2008,2215.88
Veh,Permanent,2008,910.26
Veh,Permanent,2008,1591.23
Veh,Temporary,2009,167.90
Veh,Permanent,2008,3142.45
Veh,Permanent,2008,2292.97
Veh,Permanent,2008,2026.99
Veh,Permanent,2008,193.06
Veh,Permanent,2008,1010.11
Veh,Permanent,2008,1419.69
Veh,Temporary,2008,18882.05
Veh,Temporary,2006,6747.49
Veh,Temporary,2008,611.79
Veh,Permanent,2008,708.96
Veh,Temporary,2006,1016.07
Veh,Temporary,2008,325.94
Veh,Permanent,2009,163.26
Veh,Permanent,2009,341.01
Veh,Permanent,2009,63.26
Veh,Permanent,2009,181.34
Veh,Permanent,2009,547.92
Veh,Permanent,2009,131.24
Veh,Permanent,2009,330.64
Veh,Permanent,2009,207.55
Veh,Permanent,2009,15.25
Veh,Permanent,2009,88.17
Veh,Permanent,2009,116.00
Veh,Permanent,2009,39.98
Veh,Permanent,2009,16.32
Veh,Permanent,2009,102.46
Veh,Permanent,2009,22.59
Veh,Permanent,2009,146.77
Veh,Permanent,2009,44.17
Veh,Permanent,2009,49.64
Veh,Permanent,2009,48.65
Veh,Permanent,2009,30.72
Veh,Permanent,2009,108.59
Veh,Permanent,2009,56.01
Veh,Temporary,2009,484.61
Veh,Permanent,2009,136.36
Veh,Permanent,2009,42.13
Veh,Permanent,2009,138.71
Veh,Permanent,2009,32.84
Veh,Permanent,2009,152.72
Veh,Temporary,2009,281.67
Veh,Temporary,2009,215.08
Veh,Permanent,2009,45.10
Veh,Temporary,2009,530.97
Veh,Permanent,2009,243.16
Veh,Permanent,2009,170.99
Veh,Permanent,2009,96.70
Veh,Permanent,2009,40.82
Veh,Permanent,2009,238.92
Veh,Permanent,2009,56.16
Veh,Permanent,2009,34.72
Veh,Permanent,2009,87.30
Veh,Permanent,2009,64.67
Veh,Permanent,2009,227.00
Veh,Permanent,2009,332.04
Veh,Permanent,2009,36.75
Veh,Permanent,2009,120.08
Veh,Permanent,2009,54.48
Veh,Permanent,2009,80.16
Veh,Permanent,2009,63.28
Veh,Permanent,2009,21.88
Veh,Permanent,2009,51.97
Veh,Permanent,2009,36.26
Veh,Permanent,2009,47.28
Veh,Permanent,2009,215.71
Veh,Permanent,2009,81.95
Veh,Permanent,2009,122.64
Veh,Permanent,2009,140.63
Veh,Permanent,2009,198.77
Veh,Permanent,2009,165.32
Veh,Permanent,2009,38.34
Veh,Permanent,2009,337.88
Veh,Permanent,2009,27.90
Veh,Permanent,2009,93.32
Veh,Permanent,2009,94.81
Veh,Permanent,2009,48.51
Veh,Permanent,2009,47.92
Veh,Permanent,2009,60.55
Veh,Permanent,2009,57.51
Veh,Permanent,2009,590.17
Veh,Permanent,2009,49.41
Veh,Temporary,2006,3068.77
Veh,Temporary,2006,1072.29
Ped,Secondary,2008,165.43
Ped,Secondary,2008,47.91
Veh,Permanent,2007,3508.65
Veh,Permanent,2007,374.91
Veh,Permanent,2007,3403.75
Veh,Permanent,2007,1704.94
Veh,Permanent,2006,23156.31
Veh,Permanent,2006,14045.03
Veh,Permanent,2006,292.32
Veh,Permanent,2007,733.15
Veh,Permanent,2009,723.20
Veh,Permanent,2009,266.73
Veh,Temporary,2007,5497.61
Veh,Permanent,1999,1312.19
Veh,Temporary,2007,1763.79
Veh,Temporary,2007,2071.94
Veh,Temporary,2007,866.54
Ped,Secondary,2008,302.71
Veh,Permanent,1999,2549.37
Veh,Temporary,2006,832.71
Veh,Permanent,1999,11416.23
Veh,Permanent,2009,9.58
Veh,Permanent,2009,14.59
Veh,Permanent,2009,10.59
Veh,Permanent,2007,4664.59
Veh,Temporary,2009,240.56
Veh,Temporary,2009,94.31
Veh,Temporary,2006,51.69
Veh,Temporary,2009,94.82
Veh,Permanent,2008,1080.21
Veh,Permanent,2008,625.92
Veh,Permanent,2009,20.15
Veh,Temporary,2006,2517.85
Veh,Temporary,2007,642.14
Veh,Temporary,2010,1102.40
Veh,Temporary,2006,1157.75
Veh,Permanent,2007,2107.15
Veh,Temporary,2011,202.96
Veh,Permanent,2006,38940.89
Veh,Permanent,2007,397.48
Veh,Permanent,2008,86.43
Veh,Temporary,2006,71.30
Veh,Temporary,2006,3226.41
Veh,Temporary,2006,4302.65
Veh,Temporary,2006,3828.06
Veh,Temporary,2014,673.87
Veh,Temporary,2014,884.10
Veh,Temporary,2014,396.18
Veh,Temporary,2015,260.85
Veh,Temporary,2015,512.19
Veh,Temporary,2015,583.29
Veh,Temporary,2015,340.15
Veh,Temporary,2015,177.21
Veh,Temporary,2015,787.35
Veh,Temporary,2006,1530.39
Veh,Temporary,2015,2291.32
Ped,Secondary,1998,18437.39
Ped,Secondary,1998,1400.87
Ped,Secondary,1998,5482.08
Ped,Secondary,2008,103.68
Ped,Secondary,2008,404.84
Ped,Secondary,2008,263.75
Ped,Secondary,2008,52.89
Ped,Secondary,2008,764.23
Ped,Secondary,2007,2731.49
Ped,Secondary,2007,687.02
Ped,Secondary,2007,103.26
Ped,Secondary,2008,445.41
Ped,Secondary,2007,1173.70
Ped,Secondary,2007,413.93
Ped,Secondary,2007,1331.65
Ped,Secondary,2007,1749.44
Ped,Secondary,2007,327.54
Ped,Secondary,2007,2728.52
Ped,Secondary,2007,1619.17
Ped,Secondary,2007,2884.99
Ped,Secondary,2007,789.95
Ped,Secondary,2007,931.41
Ped,Secondary,2007,32.49
Ped,Secondary,2007,2994.69
Ped,Secondary,2007,2731.72
Ped,Secondary,2007,338.74
Ped,Secondary,2007,3167.17
Ped,Secondary,2007,2564.17
Ped,Secondary,2007,142.92
Ped,Secondary,2008,1126.00
Ped,Secondary,2007,23.45
Ped,Secondary,2008,43.76
Ped,Secondary,2007,3270.22
Ped,Secondary,2007,1053.28
Ped,Secondary,2008,292.39
Ped,Secondary,2008,26.09
Ped,Secondary,2008,231.20
Ped,Secondary,2008,91.27
Ped,Secondary,2007,1277.96
Ped,Secondary,2007,4355.83
Ped,Secondary,2007,521.75
Ped,Secondary,2008,126.32
Ped,Secondary,2007,507.73
Ped,Secondary,2007,412.16
Ped,Secondary,2007,52.99
Ped,Secondary,2007,1492.50
Ped,Secondary,2007,192.89
Ped,Secondary,2007,1590.14
Ped,Secondary,2007,288.91
Ped,Secondary,2007,2202.94
Ped,Secondary,2007,43.29
Ped,Secondary,2007,4099.04
Ped,Secondary,2007,78.39
Ped,Secondary,2007,65.50
Ped,Secondary,2007,228.27
Ped,Secondary,2009,2525.89
Ped,Secondary,2009,1352.91
Ped,Secondary,2009,1661.90
Ped,Secondary,2009,1708.48
Ped,Secondary,2008,638.34
Ped,Secondary,2009,1298.85
Ped,Secondary,2008,6397.33
Ped,Secondary,2008,544.48
Ped,Secondary,2008,1409.92
Ped,Secondary,2008,404.35
Ped,Secondary,2008,218.93
Ped,Secondary,2000,9861.32
Ped,Secondary,2000,2336.47
Ped,Secondary,2009,90.33
Ped,Secondary,2009,66.26
Ped,Secondary,1997,186.81
Ped,Tertiary,2008,1703.38
Ped,Secondary,1997,6393.29
Ped,Secondary,1998,8459.17
Ped,Secondary,2000,3699.46
Ped,Secondary,1998,5454.30
Ped,Secondary,2002,2127.73
Ped,Secondary,1998,8949.56
Ped,Secondary,1998,1415.79
Ped,Secondary,1999,1684.10
Ped,Secondary,1997,3254.01
Ped,Secondary,1997,507.86
Ped,Secondary,2006,473.24
Ped,Secondary,1994,1508.28
Ped,Secondary,2008,207.94
Ped,Secondary,2010,259.57
Ped,Secondary,1997,55.52
Ped,Secondary,2010,193.96
Ped,Secondary,2010,160.62
Ped,Secondary,1994,6248.42
Ped,Secondary,1994,3262.12
Ped,Tertiary,2008,1349.48
Ped,Tertiary,2008,53.06
Ped,Tertiary,2008,20.55
Ped,Primary,2007,1229.34
Ped,Secondary,1998,14642.33
Ped,Secondary,1998,4759.54
Ped,Secondary,1998,10723.31
Ped,Tertiary,2008,4463.32
Ped,Tertiary,2008,47.27
Ped,Tertiary,2008,21.58
Ped,Tertiary,2008,942.80
Ped,Tertiary,2008,746.20
Ped,Secondary,1998,3115.27
Ped,Secondary,1998,399.00
Ped,Secondary,2015,1704.29
Ped,Secondary,2015,1343.03
Ped,Tertiary,1998,1508.74
Ped,Tertiary,1998,22577.20
Ped,Tertiary,2008,3410.54
Ped,Tertiary,2008,1553.30
Ped,Tertiary,2008,3056.00
Ped,Tertiary,2008,3000.56
Ped,Tertiary,2008,3042.78
Ped,Tertiary,2008,3151.45
Ped,Tertiary,2008,2156.50
Ped,Tertiary,2008,1330.06
Ped,Tertiary,2008,4939.10
Ped,Tertiary,2008,3078.31
Ped,Tertiary,2008,42.30
Ped,Tertiary,2008,16.37
Ped,Tertiary,2008,43.90
Ped,Tertiary,2008,15.22
Ped,Tertiary,2008,48.47
Ped,Tertiary,2008,20.86
Ped,Primary,2005,170.25
Ped,Tertiary,2008,44.35
Ped,Tertiary,2008,15.15
Ped,Tertiary,2008,54.53
Ped,Tertiary,2008,24.71
Ped,Tertiary,2008,37.02
Ped,Tertiary,2008,13.08
Ped,Tertiary,2008,44.16
Ped,Tertiary,2008,16.11
Ped,Tertiary,2008,52.76
Ped,Tertiary,2008,167.75
Ped,Tertiary,2008,14.81
Ped,Tertiary,2008,43.63
Ped,Tertiary,2008,18.91
Ped,Tertiary,2008,46.01
Ped,Tertiary,2008,20.16
Ped,Tertiary,2008,47.59
Ped,Tertiary,2008,18.87
Ped,Tertiary,2008,15.83
Ped,Tertiary,2008,3000.54
Ped,Tertiary,2006,942.30
Ped,Tertiary,2008,29.01
Ped,Tertiary,2006,87.98
Ped,Tertiary,2008,69.51
Ped,Tertiary,2008,1604.70
Ped,Tertiary,2008,19.60
Ped,Tertiary,2008,2173.83
Ped,Tertiary,2008,43.79
Ped,Tertiary,2008,55.38
Ped,Tertiary,2008,4077.37
Ped,Tertiary,2008,19.52
Ped,Tertiary,2008,22.22
Ped,Tertiary,2008,20.64
Ped,Tertiary,2009,1416.79
Ped,Tertiary,2008,894.88
Ped,Tertiary,2008,1206.86
Ped,Tertiary,2008,1659.12
Ped,Tertiary,2008,462.47
Ped,Primary,1998,220.95
Ped,Primary,1994,947.37
Ped,Tertiary,2009,3476.71
Ped,Tertiary,2009,299.50
Ped,Tertiary,2009,1282.76
Ped,Tertiary,2009,897.40
Ped,Tertiary,2009,185.76
Ped,Tertiary,2009,266.06
Ped,Tertiary,2009,190.97
Ped,Tertiary,2010,400.58
Ped,Tertiary,2010,159.52
Ped,Primary,2005,6604.39
Ped,Primary,1992,2029.68
Ped,Primary,1992,2864.05
Ped,Primary,1992,8123.97
Ped,Primary,1992,4599.20
Ped,Primary,1999,231.33
Ped,Primary,1999,62.53
Ped,Primary,1999,405.79
Ped,Primary,1999,305.38
Ped,Primary,1999,1784.08
Ped,Primary,1999,4659.97
Ped,Primary,1999,6438.13
Ped,Primary,1999,428.69
Ped,Primary,1999,521.27
Ped,Primary,2000,406.86
Ped,Primary,2000,1516.04
Ped,Primary,2000,248.01
Ped,Primary,2005,397.37
Ped,Primary,2005,1054.03
Ped,Primary,2005,887.49
Ped,Primary,2005,1336.35
Ped,Primary,2002,2824.99
Ped,Primary,1998,522.25
Ped,Primary,2005,227.79
Ped,Primary,2007,361.09
Ped,Primary,2007,1043.04
Ped,Primary,2005,365.88
Ped,Primary,2005,338.28
Ped,Primary,2005,293.44
Ped,Primary,2005,315.20
Ped,Primary,2007,2159.23
Ped,Primary,2007,175.73
Ped,Primary,2007,152.13
Ped,Primary,2007,160.75
Ped,Primary,2007,231.10
Ped,Primary,2007,233.08
Ped,Primary,2007,16769.08
Ped,Primary,2007,814.32
Ped,Primary,2007,690.21
Ped,Primary,2007,623.63
Ped,Primary,2007,756.15
Ped,Primary,2007,160.06
Ped,Primary,2007,112.79
Ped,Primary,2007,201.18
Ped,Primary,2007,222.58
Ped,Primary,2007,1166.81
Ped,Primary,1994,1918.32
Ped,Primary,1998,97.55
Ped,Primary,1997,384.77
Ped,Primary,2007,1005.23
Ped,Primary,2007,1215.62
Ped,Primary,2007,988.00
Ped,Primary,2007,832.14
Ped,Primary,2007,885.80
Ped,Primary,2007,304.98
Ped,Primary,2007,601.48
Ped,Primary,2007,1176.61
Ped,Primary,2007,1007.36
Ped,Primary,1994,687.39
Ped,Primary,2007,848.34
Ped,Primary,2007,229.17
Ped,Primary,2007,1676.32
Ped,Primary,2007,886.69
Ped,Primary,2007,353.69
Ped,Primary,2007,834.79
Ped,Primary,2006,668.43
Ped,Primary,2007,723.68
Ped,Primary,2007,408.45
Ped,Primary,2007,789.35
Ped,Primary,1999,9078.73
Ped,Primary,2007,281.00
Ped,Primary,2007,138.13
Ped,Primary,2007,143.54
Ped,Primary,2007,47.42
Ped,Primary,2007,114.64
Ped,Primary,2007,243.92
Ped,Primary,2007,215.59
Ped,Primary,2007,113.49
Ped,Primary,2007,188.34
Ped,Primary,2007,153.03
Ped,Primary,2007,64.50
Ped,Primary,2007,139.37
Ped,Primary,2007,209.43
Ped,Primary,2007,203.70
Ped,Primary,2007,205.60
Ped,Primary,2000,555.88
Ped,Primary,2007,378.48
Ped,Primary,2007,1908.06
Ped,Primary,2007,135.38
Ped,Primary,2007,252.73
Ped,Primary,2007,278.58
Ped,Primary,2007,179.55
Ped,Primary,2007,355.70
Ped,Primary,2007,53.89
Ped,Primary,2007,184.96
Ped,Primary,2007,345.84
Ped,Primary,2007,266.92
Ped,Primary,2007,180.26
Ped,Primary,2007,299.70
Ped,Primary,2007,200.66
Ped,Primary,2007,615.55
Ped,Primary,2007,170.73
Ped,Primary,2007,259.41
Ped,Primary,2007,233.21
Ped,Primary,2007,343.78
Ped,Primary,2007,159.81
Ped,Primary,2007,199.69
Ped,Primary,2007,390.13
Ped,Primary,2007,137.41
Ped,Primary,2007,11.33
Ped,Primary,2007,357.57
Ped,Primary,2007,37.25
Ped,Primary,2007,58.31
Ped,Primary,2007,371.75
Ped,Primary,2007,266.43
Ped,Primary,2007,25.66
Ped,Primary,2007,143.78
Ped,Primary,2007,65.07
Ped,Primary,2007,119.57
Ped,Primary,2007,7.15
Ped,Primary,2007,545.37
Ped,Primary,2007,217.03
Ped,Primary,2007,142.12
Ped,Primary,2005,240.68
Ped,Primary,2007,10.31
Ped,Primary,2007,355.29
Ped,Primary,2007,175.21
Ped,Primary,2007,620.07
Ped,Primary,2005,345.73
Ped,Primary,2005,39.03
Ped,Primary,2007,607.65
Ped,Primary,2007,611.10
Ped,Primary,2007,70.82
Ped,Primary,2007,485.40
Ped,Primary,2007,155.57
Ped,Primary,2007,92.02
Ped,Primary,2007,238.78
Ped,Primary,2007,210.47
Ped,Primary,2007,300.71
Ped,Primary,2007,58.80
Ped,Primary,2007,233.05
Ped,Primary,2007,68.45
Ped,Primary,2007,355.20
Ped,Primary,2007,904.73
Ped,Primary,2007,4714.64
Ped,Primary,2007,713.54
Ped,Primary,2005,283.01
Ped,Primary,2007,234.46
Ped,Primary,2007,14.88
Ped,Primary,2007,627.65
Ped,Primary,2007,512.44
Ped,Primary,2007,479.66
Ped,Primary,2007,3044.13
Ped,Primary,2007,323.93
Ped,Primary,2007,429.51
Ped,Primary,2007,384.37
Ped,Primary,2007,122.54
Ped,Primary,2007,209.49
Ped,Primary,2007,331.91
Ped,Primary,2007,109.53
Ped,Primary,2007,395.03
Ped,Primary,2007,99.99
Ped,Primary,2007,554.63
Ped,Primary,2007,295.31
Ped,Primary,2007,278.46
Ped,Primary,2007,54.50
Ped,Primary,2007,80.26
Ped,Primary,2007,103.83
Ped,Primary,2007,1129.79
Ped,Primary,2007,1498.57
Ped,Primary,2007,1428.92
Ped,Primary,2007,500.39
Ped,Primary,2007,321.84
Ped,Primary,2007,233.44
Ped,Primary,2007,323.57
Ped,Primary,2007,48.30
Ped,Primary,2007,9.77
Ped,Primary,2007,169.61
Ped,Primary,2007,493.32
Ped,Primary,2007,165.79
Ped,Primary,2007,363.26
Ped,Primary,2007,470.64
Ped,Primary,2007,330.75
Ped,Primary,2007,130.27
Ped,Primary,2007,250.32
Ped,Primary,2007,52.41
Ped,Primary,2007,268.98
Ped,Primary,2007,62.38
Ped,Primary,2007,179.45
Ped,Primary,2007,119.64
Ped,Primary,2007,313.20
Ped,Primary,2007,589.90
Ped,Primary,2007,177.18
Ped,Primary,2007,591.65
Ped,Primary,2007,48.04
Ped,Primary,2005,119.05
Ped,Primary,2007,5369.66
Ped,Primary,2007,880.54
Ped,Primary,2007,604.76
Ped,Primary,2007,382.11
Ped,Primary,2007,315.31
Ped,Primary,2007,121.36
Ped,Primary,2007,264.30
Ped,Primary,2007,278.06
Ped,Primary,2007,106.26
Ped,Primary,2007,153.77
Ped,Primary,2007,155.30
Ped,Primary,2007,129.11
Ped,Primary,2007,334.49
Ped,Primary,2007,52.31
Ped,Primary,2007,100.35
Ped,Primary,2007,1236.18
Ped,Primary,2007,55.68
Ped,Primary,2007,60.70
Ped,Primary,2007,275.57
Ped,Primary,2007,93.25
Ped,Primary,2007,705.07
Ped,Primary,2007,126.12
Ped,Primary,2005,302.46
Ped,Primary,2007,441.11
Ped,Primary,2007,644.56
Ped,Primary,2007,187.75
Ped,Primary,2007,45.43
Ped,Primary,2005,226.31
Ped,Primary,2007,230.56
Ped,Primary,2007,306.90
Ped,Primary,2006,369.92
Ped,Primary,2006,240.31
Ped,Primary,2007,323.67
Ped,Primary,2007,72.23
Ped,Primary,2007,195.39
Ped,Primary,2007,439.79
Ped,Primary,2007,244.48
Ped,Primary,2007,70.42
Ped,Primary,2007,662.63
Ped,Primary,2007,387.09
Ped,Primary,2007,51.02
Ped,Primary,2007,136.69
Ped,Primary,2007,188.71
Ped,Primary,2007,117.63
Ped,Primary,2007,81.51
Ped,Primary,2007,355.23
Ped,Primary,2007,47.08
Ped,Primary,2007,202.26
Ped,Primary,2007,460.14
Ped,Primary,2007,616.78
Ped,Primary,2007,249.79
Ped,Primary,2007,25.35
Ped,Primary,2007,199.55
Ped,Primary,2007,210.23
Ped,Primary,2007,6.01
Ped,Primary,2007,346.33
Ped,Primary,2007,569.87
Ped,Primary,2007,149.95
Ped,Primary,2007,36.03
Ped,Primary,2007,534.37
Ped,Primary,2007,252.36
Ped,Primary,2007,273.51
Ped,Primary,2007,348.82
Ped,Primary,2007,128.94
Ped,Primary,2007,114.83
Ped,Primary,2007,211.53
Ped,Primary,2007,489.28
Ped,Primary,2007,25.07
Ped,Primary,2007,12.07
Ped,Primary,2007,357.14
Ped,Primary,2007,571.89
Ped,Primary,2007,317.83
Ped,Primary,2007,233.40
Ped,Primary,2007,528.25
Ped,Primary,2007,191.96
Ped,Primary,2007,35.67
Ped,Primary,2007,63.12
Ped,Primary,2007,285.65
Ped,Primary,2007,40.56
Ped,Primary,2007,134.19
Ped,Primary,2007,152.15
Ped,Primary,2007,62.93
Ped,Primary,2007,180.77
Ped,Primary,2007,190.77
Ped,Primary,2007,189.13
Ped,Primary,2007,229.66
Ped,Primary,2007,97.45
Ped,Primary,2007,575.02
Ped,Primary,2007,329.46
Ped,Primary,2007,819.96
Ped,Primary,2007,385.90
Ped,Primary,2007,183.75
Ped,Primary,2007,121.04
Ped,Primary,2007,32.30
Ped,Primary,2007,127.34
Ped,Primary,2007,176.18
Ped,Primary,2007,1738.51
Ped,Primary,2007,480.76
Ped,Primary,2007,232.47
Ped,Primary,2007,633.14
Ped,Primary,2007,296.28
Ped,Primary,2007,261.24
Ped,Primary,2007,169.92
Ped,Primary,2007,1081.80
Ped,Primary,2007,153.30
Ped,Primary,2007,202.65
Ped,Primary,2007,58.30
Ped,Primary,2007,38.58
Ped,Primary,2007,173.00
Ped,Primary,2007,383.55
Ped,Primary,2007,519.56
Ped,Primary,2007,160.63
Ped,Primary,2007,110.01
Ped,Primary,2007,63.29
Ped,Primary,2007,262.00
Ped,Primary,2007,357.92
Ped,Primary,2007,279.48
Ped,Primary,2007,35.51
Ped,Primary,2007,405.32
Ped,Primary,2007,110.25
Ped,Primary,2007,228.90
Ped,Primary,2007,197.92
Ped,Primary,2007,486.37
Ped,Primary,2007,639.32
Ped,Primary,2007,170.55
Ped,Primary,2007,156.37
Ped,Primary,2007,80.89
Ped,Primary,2007,324.97
Ped,Primary,2007,18.64
Ped,Primary,2007,40.36
Ped,Primary,2007,74.77
Ped,Primary,2007,76.94
Ped,Primary,2007,50.85
Ped,Primary,2007,39.01
Ped,Primary,2007,141.19
Ped,Primary,2007,468.46
Ped,Primary,2007,100.04
Ped,Primary,2007,338.60
Ped,Primary,2007,296.51
Ped,Primary,2007,236.10
Ped,Primary,2007,880.19
Ped,Primary,2007,336.51
Ped,Primary,2007,126.44
Ped,Primary,2007,38.85
Ped,Primary,2007,186.39
Ped,Primary,2007,271.56
Ped,Primary,2007,964.09
Ped,Primary,2007,4677.65
Ped,Primary,2007,34.77
Ped,Primary,2007,2437.23
Ped,Primary,2007,937.11
Ped,Primary,2007,1027.87
Ped,Primary,2007,791.86
Ped,Primary,2007,5810.20
Ped,Primary,2007,220.61
Ped,Primary,2007,36920.94
Ped,Primary,2007,4496.85
Ped,Primary,2007,1954.31
Ped,Primary,2007,13056.27
Ped,Primary,2007,256.91
Ped,Primary,2007,746.71
Ped,Primary,2007,192.14
Ped,Primary,2007,2515.30
Ped,Primary,2007,6664.00
Ped,Primary,2007,9938.02
Ped,Primary,2007,442.91
Ped,Primary,2007,211.17
Ped,Primary,2007,81.34
Ped,Primary,2007,874.20
Ped,Primary,2007,340.76
Ped,Primary,2007,87.55
Ped,Primary,2007,262.60
Ped,Primary,2007,69.20
Ped,Primary,2007,487.50
Ped,Primary,2007,262.64
Ped,Primary,2007,14756.28
Ped,Primary,2007,391.90
Ped,Primary,2007,24.22
Ped,Primary,2007,698.69
Ped,Primary,2007,260.20
Ped,Primary,2007,513.62
Ped,Primary,2007,700.64
Ped,Primary,2007,90.89
Ped,Primary,2007,715.37
Ped,Primary,2007,129.14
Ped,Primary,2007,198.15
Ped,Primary,2007,316.64
Ped,Primary,2007,182.83
Ped,Primary,2007,334.65
Ped,Primary,2007,607.26
Ped,Primary,2007,1046.91
Ped,Primary,2007,165.57
Ped,Primary,2007,264.67
Ped,Primary,2007,149.10
Ped,Primary,2007,290.54
Ped,Primary,2007,49.22
Ped,Primary,2007,96.16
Ped,Primary,2007,71.52
Ped,Primary,2007,124.74
Ped,Primary,2007,298.37
Ped,Primary,2007,339.88
Ped,Primary,2007,1149.78
Ped,Primary,2007,468.20
Ped,Primary,2007,58.48
Ped,Primary,2007,1735.99
Ped,Primary,2007,80.26
Ped,Primary,2007,93.44
Ped,Primary,2007,334.88
Ped,Primary,2007,326.07
Ped,Primary,2007,324.10
Ped,Primary,2007,352.06
Ped,Primary,2007,1435.17
Ped,Primary,2007,26.03
Ped,Primary,2007,833.45
Ped,Primary,2007,206.26
Ped,Primary,2007,530.66
Ped,Primary,2007,379.41
Ped,Primary,2007,246.26
Ped,Primary,2007,343.95
Ped,Primary,2007,466.40
Ped,Primary,2007,21.87
Ped,Primary,2007,645.78
Ped,Primary,2007,190.38
Ped,Primary,2007,60.92
Ped,Primary,2007,178.86
Ped,Primary,2007,109.57
Ped,Primary,2007,190.56
Ped,Primary,2007,90.27
Ped,Primary,2007,1157.43
Ped,Primary,2007,323.61
Ped,Primary,2007,659.08
Ped,Primary,2007,288.10
Ped,Primary,2007,773.41
Ped,Primary,2007,1235.26
Ped,Primary,2007,742.33
Ped,Primary,2007,813.19
Ped,Primary,2007,237.76
Ped,Primary,2007,697.37
Ped,Primary,2007,191.42
Ped,Primary,2007,1399.13
Ped,Primary,2007,365.83
Ped,Primary,2007,115.02
Ped,Primary,2007,295.01
Ped,Primary,2007,30.91
Ped,Primary,2007,21.74
Ped,Primary,2007,746.15
Ped,Primary,2007,1887.59
Ped,Primary,2007,49.85
Ped,Primary,2007,150.15
Ped,Primary,2007,632.61
Ped,Primary,2007,14.30
Ped,Primary,2007,2169.77
Ped,Primary,2007,517.66
Ped,Primary,2007,480.37
Ped,Primary,2007,1322.15
Ped,Primary,2007,618.37
Ped,Primary,2007,83.98
Ped,Primary,2007,467.14
Ped,Primary,2007,52.61
Ped,Primary,2007,127.15
Ped,Primary,2007,698.99
Ped,Primary,2007,191.80
Ped,Primary,2007,180.70
Ped,Primary,2007,1355.19
Ped,Primary,2007,94.38
Ped,Primary,2007,203.09
Ped,Primary,2007,171.05
Ped,Primary,2007,1005.87
Ped,Primary,2007,275.78
Ped,Primary,2007,439.19
Ped,Primary,2007,13.28
Ped,Primary,2007,12.41
Ped,Primary,2007,32.22
Ped,Primary,2007,757.87
Ped,Primary,2007,205.25
Ped,Primary,2007,10.04
Ped,Primary,2007,244.35
Ped,Primary,2007,92.57
Ped,Primary,2007,80.38
Ped,Primary,2007,279.04
Ped,Primary,2007,3264.25
Ped,Primary,2007,479.41
Ped,Primary,2007,1290.62
Ped,Primary,2007,174.85
Ped,Primary,2007,235.86
Ped,Primary,2007,468.88
Ped,Primary,2007,55.22
Ped,Primary,2007,234.91
Ped,Primary,2007,251.39
Ped,Primary,2007,186.69
Ped,Primary,2007,178.36
Ped,Primary,2007,1266.77
Ped,Primary,2007,293.95
Ped,Primary,2007,2455.64
Ped,Primary,2007,427.39
Ped,Primary,2007,182.32
Ped,Primary,2007,340.89
Ped,Primary,2007,1512.12
Ped,Primary,2007,305.77
Ped,Primary,2007,439.94
Ped,Primary,2007,1819.70
Ped,Primary,2007,1738.09
Ped,Primary,2007,525.10
Ped,Primary,2007,1692.50
Ped,Primary,2007,122.68
Ped,Primary,2005,4863.48
Ped,Primary,2007,155.04
Ped,Primary,2007,22.68
Ped,Primary,2007,211.13
Ped,Primary,2007,345.59
Ped,Primary,2007,638.30
Ped,Primary,2007,230.68
Ped,Primary,2007,182.70
Ped,Primary,2007,2702.11
Ped,Primary,2007,288.95
Ped,Primary,2007,352.00
Ped,Primary,2007,1046.14
Ped,Primary,2007,161.05
Ped,Primary,2007,17.95
Ped,Primary,2007,1588.44
Ped,Primary,2005,3832.46
Ped,Primary,2005,1941.88
Ped,Primary,2006,697.94
Ped,Primary,2007,527.44
Ped,Primary,2007,1213.50
Ped,Primary,2008,2383.07
Ped,Primary,2008,4005.35
Ped,Primary,2008,937.65
Ped,Primary,2008,727.38
Ped,Primary,2008,1078.65
Ped,Primary,2007,209.87
Ped,Primary,2008,78.55
Ped,Primary,2008,472.26
Ped,Primary,2008,746.90
Ped,Primary,2007,658.65
Ped,Primary,2005,288.01
Ped,Primary,2007,1665.21
Ped,Primary,1998,248.11
Ped,Primary,2007,1709.06
Ped,Primary,2008,840.94
Ped,Primary,2008,51.68
Ped,Primary,2008,1210.24
Ped,Primary,2008,876.72
Ped,Primary,2008,1354.54
Ped,Primary,2008,409.94
Ped,Primary,2008,157.30
Ped,Primary,2008,409.21
Ped,Primary,2008,141.95
Ped,Primary,2008,71.28
Ped,Primary,2008,48.22
Ped,Primary,2008,1448.57
Ped,Primary,2008,1852.84
Ped,Primary,2008,104.00
Ped,Primary,2008,226.58
Ped,Primary,2008,48.73
Ped,Primary,2008,490.42
Ped,Primary,2008,194.72
Ped,Primary,2008,2698.36
Ped,Primary,2008,2129.01
Ped,Primary,2008,145.34
Ped,Primary,2008,246.41
Ped,Primary,2008,107.67
Ped,Primary,2008,201.82
Ped,Primary,2008,129.93
Ped,Primary,2008,176.87
Ped,Primary,2008,50.25
Ped,Primary,2008,286.07
Ped,Primary,2008,1071.23
Ped,Primary,2008,598.61
Ped,Primary,2008,420.60
Ped,Primary,2008,244.50
Ped,Primary,2008,359.06
Ped,Primary,2008,71.77
Ped,Primary,2008,689.10
Ped,Primary,2008,45.91
Ped,Primary,2008,48.25
Ped,Primary,2008,192.11
Ped,Primary,2008,42.22
Ped,Primary,2008,1723.44
Ped,Primary,2008,2529.28
Ped,Primary,2008,321.82
Ped,Primary,2008,35.62
Ped,Primary,2008,249.46
Ped,Primary,2008,440.87
Ped,Primary,2008,130.19
Ped,Primary,2008,46.76
Ped,Primary,2008,60.09
Ped,Primary,2008,24.76
Ped,Primary,2008,1115.99
Ped,Primary,2008,210.73
Ped,Primary,2008,262.58
Ped,Primary,2008,246.94
Ped,Primary,2008,591.24
Ped,Primary,2008,12.05
Ped,Primary,2008,13.59
Ped,Primary,2008,287.01
Ped,Primary,2008,3563.11
Ped,Primary,2008,1018.50
Ped,Primary,2008,9319.87
Ped,Primary,1994,158.42
Ped,Primary,2008,11.24
Ped,Primary,2008,228.13
Ped,Primary,2008,187.60
Ped,Primary,2008,405.87
Ped,Primary,2008,82.48
Ped,Primary,2008,20.56
Ped,Primary,2008,525.27
Ped,Primary,2008,332.68
Ped,Primary,2008,500.15
Ped,Primary,2008,48.36
Ped,Primary,2008,106.21
Ped,Primary,2008,214.45
Ped,Primary,2008,69.97
Ped,Primary,2008,404.39
Ped,Primary,2007,347.69
Ped,Primary,2008,472.81
Ped,Primary,2008,207.93
Ped,Primary,2008,1148.96
Ped,Primary,2008,123.09
Ped,Primary,2008,412.57
Ped,Primary,2008,228.54
Ped,Primary,2008,620.05
Ped,Primary,1997,1027.68
Ped,Primary,1997,7126.14
Ped,Primary,2007,91827.45
Ped,Primary,2007,29345.41
Ped,Primary,2007,44487.77
Ped,Primary,2007,1366.11
Ped,Primary,1992,36.16
Ped,Primary,2008,306.48
Ped,Primary,2008,260.73
Ped,Primary,2008,272.58
Ped,Primary,2008,119.35
Ped,Primary,2008,297.39
Ped,Primary,2008,190.30
Ped,Primary,2008,36.23
Ped,Primary,1994,1275.53
Ped,Primary,1994,1582.95
Ped,Primary,2008,192.48
Ped,Primary,2008,185.97
Ped,Primary,2008,9.86
Ped,Primary,2008,152.00
Ped,Primary,2008,94.41
Ped,Primary,2008,299.74
Ped,Primary,2008,94.80
Ped,Primary,2008,11.23
Ped,Primary,2008,188.56
Ped,Primary,2008,24.07
Ped,Primary,2008,11.58
Ped,Primary,2008,997.94
Ped,Primary,2008,359.27
Ped,Primary,2008,140.13
Ped,Primary,2008,107.81
Ped,Primary,2008,47.55
Ped,Primary,2008,50.37
Ped,Primary,2008,35.26
Ped,Primary,2008,132.85
Ped,Primary,2008,168.21
Ped,Primary,2008,202.59
Ped,Primary,2008,227.76
Ped,Primary,2008,68.05
Ped,Primary,2008,391.37
Ped,Primary,2008,60.50
Ped,Primary,2008,342.15
Ped,Primary,2008,213.08
Ped,Primary,2008,35.80
Ped,Primary,2008,14.74
Ped,Primary,2008,12.27
Ped,Primary,2008,404.84
Ped,Primary,2008,46.12
Ped,Primary,2008,145.83
Ped,Primary,2008,33.30
Ped,Primary,2008,15.14
Ped,Primary,2008,165.94
Ped,Primary,2008,189.04
Ped,Primary,2008,11.95
Ped,Primary,2008,97.40
Ped,Primary,2008,275.15
Ped,Primary,2008,19.08
Ped,Primary,2008,47.51
Ped,Primary,2008,145.78
Ped,Primary,2008,36.42
Ped,Primary,2008,25.25
Ped,Primary,2008,61.38
Ped,Primary,2008,333.27
Ped,Primary,2008,71.08
Ped,Primary,2008,259.50
Ped,Primary,2008,58.22
Ped,Primary,2008,143.94
Ped,Primary,2008,66.38
Ped,Primary,2008,58.48
Ped,Primary,2008,45.33
Ped,Primary,2008,101.36
Ped,Primary,2008,34.63
Ped,Primary,2008,59.07
Ped,Primary,2008,70.28
Ped,Primary,2008,85.20
Ped,Primary,2008,82.03
Ped,Primary,2008,84.27
Ped,Primary,2008,18.46
Ped,Primary,2008,95.74
Ped,Primary,2008,81.63
Ped,Primary,2008,118.96
Ped,Primary,2008,94.45
Ped,Primary,2008,46.94
Ped,Primary,2008,144.59
Ped,Primary,2008,45.90
Ped,Primary,2008,120.24
Ped,Primary,2008,75.96
Ped,Primary,2008,20.79
Ped,Primary,2008,261.31
Ped,Primary,2008,130.35
Ped,Primary,1990,78.13
Ped,Primary,2008,176.49
Ped,Primary,2008,382.86
Ped,Primary,2008,142.79
Ped,Primary,2008,93.13
Ped,Primary,2008,46.62
Ped,Primary,2008,215.52
Ped,Primary,2008,35.00
Ped,Primary,2008,59.98
Ped,Primary,2008,59.65
Ped,Primary,2008,25.70
Ped,Primary,2008,72.92
Ped,Primary,2008,369.99
Ped,Primary,2008,47.43
Ped,Primary,2008,321.87
Ped,Primary,2008,188.48
Ped,Primary,2008,45.58
Ped,Primary,2008,118.56
Ped,Primary,2008,108.45
Ped,Primary,2008,23.27
Ped,Primary,2008,152.20
Ped,Primary,2008,62.19
Ped,Primary,2008,93.83
Ped,Primary,2008,66.41
Ped,Primary,2008,42.51
Ped,Primary,2008,51.78
Ped,Primary,2008,35.90
Ped,Primary,2008,427.67
Ped,Primary,2008,38.45
Ped,Primary,2008,44.70
Ped,Primary,2008,143.04
Ped,Primary,2008,165.17
Ped,Primary,2008,69.01
Ped,Primary,2008,59.80
Ped,Primary,2008,50.97
Ped,Primary,2008,92.77
Ped,Primary,2008,47.31
Ped,Primary,2008,23.18
Ped,Primary,2008,59.91
Ped,Primary,2008,96.58
Ped,Primary,2008,64.79
Ped,Primary,2008,39.89
Ped,Primary,2008,33.13
Ped,Primary,2008,83.69
Ped,Primary,2008,35.39
Ped,Primary,2008,45.93
Ped,Primary,2008,118.12
Ped,Primary,2008,177.53
Ped,Primary,2008,97.84
Ped,Primary,2008,82.91
Ped,Primary,2008,150.78
Ped,Primary,2008,160.87
Ped,Primary,2008,82.98
Ped,Primary,2008,23.86
Ped,Primary,2008,22.56
Ped,Primary,2008,73.11
Ped,Primary,2008,49.24
Ped,Primary,2008,99.74
Ped,Primary,2008,156.13
Ped,Primary,2008,368.72
Ped,Primary,2008,2870.27
Ped,Primary,2008,211.14
Ped,Primary,2008,111.21
Ped,Primary,2008,28.54
Ped,Primary,2008,4267.26
Ped,Primary,2008,12.63
Ped,Primary,2008,96.44
Ped,Primary,2008,10.68
Ped,Primary,2008,9.49
Ped,Primary,2008,10.43
Ped,Primary,2008,533.32
Ped,Primary,2008,114.83
Ped,Primary,2008,268.30
Ped,Primary,2007,42.76
Ped,Primary,2007,37.91
Ped,Primary,2007,24.92
Ped,Primary,2008,85.52
Ped,Primary,2008,289.52
Ped,Primary,2008,298.98
Ped,Primary,2008,69.29
Ped,Primary,2008,149.22
Ped,Primary,2008,795.00
Ped,Primary,2008,12.02
Ped,Primary,2008,52.30
Ped,Primary,2008,106.64
Ped,Primary,2008,7.80
Ped,Primary,2008,6.99
Ped,Primary,2008,3205.48
Ped,Primary,2008,37.47
Ped,Primary,2008,15.85
Ped,Primary,2008,40.36
Ped,Primary,2008,97.33
Ped,Primary,2008,55.94
Ped,Primary,2008,10.62
Ped,Primary,2008,59.12
Ped,Primary,2008,21.10
Ped,Primary,2008,11.99
Ped,Primary,2008,11.61
Ped,Primary,2008,122.50
Ped,Primary,2008,96.80
Ped,Primary,2008,2209.89
Ped,Primary,2008,804.09
Ped,Primary,2008,231.52
Ped,Primary,2008,11.05
Ped,Primary,2008,24.05
Ped,Primary,2008,13.32
Ped,Primary,2008,25.25
Ped,Primary,2008,13.44
Ped,Primary,2008,22.45
Ped,Primary,2008,13.59
Ped,Primary,2008,12.10
Ped,Primary,2008,11.83
Ped,Primary,2008,12.09
Ped,Primary,2008,329.93
Ped,Primary,2008,2340.16
Ped,Primary,2008,5058.83
Ped,Primary,2008,3582.27
Ped,Primary,2008,1293.67
Ped,Primary,2008,180.49
Ped,Primary,2008,3245.00
Ped,Primary,2008,507.70
Ped,Primary,2008,7949.13
Ped,Primary,2008,1331.34
Ped,Primary,2008,1253.32
Ped,Primary,2008,4475.13
Ped,Primary,2008,414.33
Ped,Primary,2008,1154.75
Ped,Primary,2007,471.98
Ped,Primary,2008,240.56
Ped,Primary,2008,56.56
Ped,Primary,2008,957.89
Ped,Primary,2008,1078.12
Ped,Primary,2008,1719.89
Ped,Primary,2008,262.74
Ped,Primary,1992,23071.63
Ped,Primary,1992,4055.67
Ped,Primary,2008,355.88
Ped,Primary,2007,1517.74
Ped,Primary,2007,916.24
Ped,Primary,2008,10378.38
Ped,Primary,2008,1126.01
Ped,Primary,2008,276.60
Ped,Primary,2008,1159.54
Ped,Primary,2008,251.35
Ped,Primary,2008,959.59
Ped,Primary,2008,609.89
Ped,Primary,2008,1553.96
Ped,Primary,2008,2081.45
Ped,Primary,1992,17787.57
Ped,Primary,2008,673.71
Ped,Primary,2008,1213.07
Ped,Primary,2008,1211.77
Ped,Primary,2008,1592.27
Ped,Primary,2008,340.06
Ped,Primary,2008,2885.10
Ped,Primary,2008,6706.56
Ped,Primary,1996,11721.25
Ped,Primary,2008,95.64
Ped,Primary,2008,1118.71
Ped,Primary,2008,1568.87
Ped,Primary,2008,276.43
Ped,Primary,2008,114.48
Ped,Primary,2008,709.92
Ped,Primary,2008,847.18
Ped,Primary,2008,642.51
Ped,Primary,2008,331.89
Ped,Primary,2008,437.39
Ped,Primary,2008,317.68
Ped,Primary,2008,1523.36
Ped,Primary,2008,334.26
Ped,Primary,2008,1477.58
Ped,Primary,2008,1344.07
Ped,Primary,2008,378.49
Ped,Primary,2008,274.83
Ped,Primary,2008,139.50
Ped,Primary,2007,24.19
Ped,Primary,1990,430.93
Ped,Primary,2007,315.00
Ped,Primary,2007,81.37
Ped,Primary,2008,54.18
Ped,Primary,2008,430.40
Ped,Primary,2008,1154.66
Ped,Primary,2008,467.70
Ped,Primary,2008,4402.14
Ped,Primary,2008,3215.99
Ped,Primary,2008,13721.60
Ped,Primary,2008,36.35
Ped,Primary,2008,53.90
Ped,Primary,2008,207.24
Ped,Primary,2008,243.44
Ped,Primary,2008,1833.28
Ped,Primary,2008,118.53
Ped,Primary,2008,701.07
Ped,Primary,2008,451.92
Ped,Primary,2008,195.40
Ped,Primary,2008,240.14
Ped,Primary,2008,666.45
Ped,Primary,2008,1662.88
Ped,Primary,2008,1323.44
Ped,Primary,2008,162.13
Ped,Primary,2008,338.20
Ped,Primary,2008,1695.22
Ped,Primary,2008,400.23
Ped,Primary,2008,1429.38
Ped,Primary,2008,1062.74
Ped,Primary,2008,1476.44
Ped,Primary,2008,1774.86
Ped,Primary,2008,617.20
Ped,Primary,2008,61.14
Ped,Primary,2008,1447.68
Ped,Primary,2008,1500.72
Ped,Primary,2008,1925.74
Ped,Primary,2008,596.06
Ped,Primary,2008,187.07
Ped,Primary,2008,2730.49
Ped,Primary,2008,52.58
Ped,Primary,2008,259.23
Ped,Primary,2008,395.09
Ped,Primary,2008,54.38
Ped,Primary,2008,518.87
Ped,Primary,2008,435.55
Ped,Primary,2008,75.32
Ped,Primary,2008,671.88
Ped,Primary,2008,5192.82
Ped,Primary,2008,97.55
Ped,Primary,2008,496.73
Ped,Primary,2008,244.94
Ped,Primary,2008,153.18
Ped,Primary,2008,488.00
Ped,Primary,2008,145.80
Ped,Primary,2008,222.20
Ped,Primary,2008,1523.90
Ped,Primary,1999,2283.36
Ped,Primary,1999,276.51
Ped,Primary,2008,1723.71
Ped,Primary,2008,355.46
Ped,Primary,2008,436.30
Ped,Primary,2008,449.00
Ped,Primary,2008,32.70
Ped,Primary,2008,2055.89
Ped,Primary,2008,3341.14
Ped,Primary,2008,2431.31
Ped,Primary,2008,68.47
Ped,Primary,2008,550.70
Ped,Primary,2008,1686.63
Ped,Primary,2008,61.10
Ped,Primary,2008,3159.51
Ped,Primary,2008,59.36
Ped,Primary,2008,50.31
Ped,Primary,2008,1462.31
Ped,Primary,2008,2352.82
Ped,Primary,2008,2009.66
Ped,Primary,2008,3565.23
Ped,Primary,2008,768.59
Ped,Primary,2008,2361.74
Ped,Primary,2008,1755.44
Ped,Primary,2008,1232.05
Ped,Primary,2008,390.87
Ped,Primary,2008,744.40
Ped,Primary,2008,3074.67
Ped,Primary,2008,624.82
Ped,Primary,2008,707.86
Ped,Primary,2008,258.60
Ped,Primary,2008,1315.79
Ped,Primary,2008,424.36
Ped,Primary,2008,37.60
Ped,Primary,2008,863.54
Ped,Primary,2008,777.93
Ped,Primary,2008,304.20
Ped,Primary,2008,258.55
Ped,Primary,2008,980.52
Ped,Primary,2008,759.84
Ped,Primary,2008,25.77
Ped,Primary,2008,38.91
Ped,Primary,2008,37.30
Ped,Primary,2008,1454.08
Ped,Primary,2008,1894.21
Ped,Primary,2008,144.67
Ped,Primary,2008,718.42
Ped,Primary,2008,191.29
Ped,Primary,2008,430.46
Ped,Primary,2008,277.79
Ped,Primary,2008,75.21
Ped,Primary,2008,466.14
Ped,Primary,2008,478.91
Ped,Primary,2008,383.54
Ped,Primary,1970,24385.60
Ped,Primary,2008,59.59
Ped,Primary,2008,41.39
Ped,Primary,2008,76.17
Ped,Primary,2008,86.99
Ped,Primary,2008,112.79
Ped,Primary,2008,202.91
Ped,Primary,2008,353.39
Ped,Primary,2008,91.77
Ped,Primary,2008,407.64
Ped,Primary,2008,97.83
Ped,Primary,2008,81.05
Ped,Primary,2008,55.85
Ped,Primary,2008,160.81
Ped,Primary,2008,255.76
Ped,Primary,2008,1498.75
Ped,Primary,2008,63.73
Ped,Primary,2007,1838.53
Ped,Primary,2008,13814.54
Ped,Primary,2008,330.00
Ped,Primary,2008,215.34
Ped,Primary,2008,108.05
Ped,Primary,2008,81.73
Ped,Primary,2008,222.99
Ped,Primary,2008,65.34
Ped,Primary,2008,1448.18
Ped,Primary,2008,43.54
Ped,Primary,2008,179.40
Ped,Primary,2008,629.20
Ped,Primary,2008,252.98
Ped,Primary,2008,260.30
Ped,Primary,2008,783.03
Ped,Primary,2008,111.99
Ped,Primary,2008,142.25
Ped,Primary,2008,526.10
Ped,Primary,2008,35.56
Ped,Primary,2008,30.43
Ped,Primary,2008,66.80
Ped,Primary,2008,36.35
Ped,Primary,2008,255.83
Ped,Primary,2008,396.58
Ped,Primary,2008,75.77
Ped,Primary,2008,1507.28
Ped,Primary,2008,80.36
Ped,Primary,2008,40.62
Ped,Primary,2008,203.10
Ped,Primary,2008,10.87
Ped,Primary,2008,240.80
Ped,Primary,2008,57.74
Ped,Primary,2008,1443.98
Ped,Primary,2008,1332.23
Ped,Primary,2008,965.72
Ped,Primary,2008,51.36
Ped,Primary,2008,568.90
Ped,Primary,2008,311.14
Ped,Primary,2008,214.01
Ped,Primary,2008,1238.00
Ped,Primary,2008,1100.95
Ped,Primary,2008,1199.62
Ped,Primary,2008,1215.83
Ped,Primary,2008,48.48
Ped,Primary,2008,112.91
Ped,Primary,2008,43.98
Ped,Primary,2008,26.24
Ped,Primary,2008,180.18
Ped,Primary,2008,1811.36
Ped,Primary,2008,1357.17
Ped,Primary,2008,612.58
Ped,Primary,2009,151.33
Ped,Primary,2008,261.20
Ped,Primary,2008,1165.06
Ped,Primary,2008,207.57
Ped,Primary,2008,215.34
Ped,Primary,2008,67.01
Ped,Primary,2008,102.17
Ped,Primary,2008,170.63
Ped,Primary,2008,137.11
Ped,Primary,2008,122.90
Ped,Primary,2008,459.33
Ped,Primary,2008,90.40
Ped,Primary,2008,34.45
Ped,Primary,2008,94.62
Ped,Primary,2008,38.60
Ped,Primary,2008,70.57
Ped,Primary,2008,108.85
Ped,Primary,2008,70.68
Ped,Primary,2008,112.16
Ped,Primary,2008,1059.43
Ped,Primary,2008,417.16
Ped,Primary,2008,129.02
Ped,Primary,2007,1211.66
Ped,Primary,2008,1368.27
Ped,Primary,2008,565.12
Ped,Primary,2008,41.95
Ped,Primary,2008,156.36
Ped,Primary,2008,97.20
Ped,Primary,2008,734.00
Ped,Primary,2008,722.11
Ped,Primary,2008,129.74
Ped,Primary,2008,615.04
Ped,Primary,2008,6.42
Ped,Primary,2008,2016.76
Ped,Primary,2008,1295.85
Ped,Primary,2008,297.38
Ped,Primary,2008,308.81
Ped,Primary,2008,420.78
Ped,Primary,2008,272.00
Ped,Primary,2008,208.04
Ped,Primary,2008,936.41
Ped,Primary,2008,287.68
Ped,Primary,2008,392.29
Ped,Primary,2008,438.31
Ped,Primary,2008,92.77
Ped,Primary,2008,132.88
Ped,Primary,2008,52.79
Ped,Primary,2008,2605.38
Ped,Primary,2008,356.07
Ped,Primary,2008,588.10
Ped,Primary,2008,69.94
Ped,Primary,2008,822.43
Ped,Primary,2008,532.35
Ped,Primary,2008,1017.84
Ped,Primary,2008,337.51
Ped,Primary,2008,137.35
Ped,Primary,2008,187.64
Ped,Primary,2008,66.76
Ped,Primary,2008,184.49
Ped,Primary,2008,62.49
Ped,Primary,2008,26.93
Ped,Primary,2008,1528.52
Ped,Primary,2008,213.77
Ped,Primary,2008,316.39
Ped,Primary,2008,106.24
Ped,Primary,2008,104.20
Ped,Primary,2008,537.96
Ped,Primary,2008,36.44
Ped,Primary,2008,169.95
Ped,Primary,2008,149.96
Ped,Primary,2008,210.19
Ped,Primary,2008,213.32
Ped,Primary,2008,598.32
Ped,Primary,2008,259.30
Ped,Primary,2008,1115.49
Ped,Primary,2008,511.15
Ped,Primary,2008,1323.57
Ped,Primary,2008,93.69
Ped,Primary,2008,534.89
Ped,Primary,2008,20.89
Ped,Primary,2008,25.17
Ped,Primary,2008,115.70
Ped,Primary,2008,610.91
Ped,Primary,2008,1859.15
Ped,Primary,2008,2159.08
Ped,Primary,2008,131.67
Ped,Primary,2008,425.23
Ped,Primary,2008,429.96
Ped,Primary,2008,867.62
Ped,Primary,2008,63.73
Ped,Primary,2008,93.07
Ped,Primary,2008,63.47
Ped,Primary,2008,231.62
Ped,Primary,2008,6548.66
Ped,Primary,2008,146.97
Ped,Primary,2008,524.05
Ped,Primary,2008,207.02
Ped,Primary,2008,437.22
Ped,Primary,2008,178.94
Ped,Primary,2008,249.52
Ped,Primary,2008,105.64
Ped,Primary,2008,162.26
Ped,Primary,2008,169.24
Ped,Primary,2008,227.30
Ped,Primary,2008,223.13
Ped,Primary,2008,236.99
Ped,Primary,2008,289.73
Ped,Primary,2008,321.75
Ped,Primary,2008,134.90
Ped,Primary,2008,69.24
Ped,Primary,2008,150.88
Ped,Primary,2008,20.05
Ped,Primary,2008,11.94
Ped,Primary,2008,560.68
Ped,Primary,2008,779.18
Ped,Primary,2008,48.77
Ped,Primary,2008,183.15
Ped,Primary,2008,21.90
Ped,Primary,2008,31.51
Ped,Primary,2008,676.54
Ped,Primary,2008,19.31
Ped,Primary,2008,126.88
Ped,Primary,2008,15.92
Ped,Primary,2008,627.55
Ped,Primary,2008,32.89
Ped,Primary,2008,45.69
Ped,Primary,2008,305.93
Ped,Primary,2008,651.04
Ped,Primary,2008,564.33
Ped,Primary,2008,43.61
Ped,Primary,2008,602.30
Ped,Primary,2008,2702.20
Ped,Primary,2008,3820.55
Ped,Primary,2008,2699.33
Ped,Primary,2008,4666.25
Ped,Primary,2009,10203.44
Ped,Primary,2008,7521.69
Ped,Primary,2008,3794.75
Ped,Primary,2008,4459.56
Ped,Primary,2009,819.14
Ped,Primary,2008,5000.29
Ped,Primary,2008,34.48
Ped,Primary,2008,680.74
Ped,Primary,2008,177.57
Ped,Primary,2008,310.62
Ped,Primary,2008,67.14
Ped,Primary,2008,102.71
Ped,Primary,2008,99.54
Ped,Primary,2008,108.38
Ped,Primary,2008,143.12
Ped,Primary,2008,30.51
Ped,Primary,2008,116.16
Ped,Primary,2008,355.67
Ped,Primary,2008,76.64
Ped,Primary,2008,20.19
Ped,Primary,2009,41.53
Ped,Primary,2009,133.39
Ped,Primary,2009,35.78
Ped,Primary,2009,65.94
Ped,Primary,2008,24.62
Ped,Primary,2009,32.65
Ped,Primary,2009,18.46
Ped,Primary,2009,28.19
Ped,Primary,2009,69.27
Ped,Primary,2009,52.67
Ped,Primary,2008,4683.83
Ped,Primary,2009,629.58
Ped,Primary,2009,888.03
Ped,Primary,2009,173.06
Ped,Primary,2009,96.92
Ped,Primary,2009,241.41
Ped,Primary,2009,379.59
Ped,Primary,2009,35.88
Ped,Primary,2008,172.01
Ped,Primary,2009,2833.98
Ped,Primary,2009,341.15
Ped,Primary,2009,116.63
Ped,Primary,2009,18.14
Ped,Primary,2009,269.00
Ped,Primary,2009,34.00
Ped,Primary,2009,9.85
Ped,Primary,2009,26.62
Ped,Primary,2009,75.83
Ped,Primary,2009,336.95
Ped,Primary,2008,128.96
Ped,Primary,2009,22.41
Ped,Primary,2009,232.12
Ped,Primary,2009,30.76
Ped,Primary,2008,1433.44
Ped,Primary,2009,15.17
Ped,Primary,2009,179.02
Ped,Primary,2009,22.08
Ped,Primary,2009,24.07
Ped,Primary,2009,14.14
Ped,Primary,2009,58.58
Ped,Primary,2009,24.91
Ped,Primary,2009,26.42
Ped,Primary,2009,77.02
Ped,Primary,2008,174.49
Ped,Primary,2009,51.54
Ped,Primary,2009,42.05
Ped,Primary,2009,13.29
Ped,Primary,2009,76.99
Ped,Primary,2009,53.52
Ped,Primary,2009,235.12
Ped,Primary,2009,33.84
Ped,Primary,2008,132.01
Ped,Primary,2009,49.19
Ped,Primary,2009,21.87
Ped,Primary,2009,31.24
Ped,Primary,2009,29.86
Ped,Primary,2009,35.48
Ped,Primary,2008,65.87
Ped,Primary,2009,275.79
Ped,Primary,2009,196.21
Ped,Primary,2009,238.54
Ped,Primary,2009,397.99
Ped,Primary,2009,895.81
Ped,Primary,2009,246.98
Ped,Primary,2009,6601.82
Ped,Primary,2009,1744.56
Ped,Primary,2009,2003.95
Ped,Primary,2009,1194.48
Ped,Primary,2009,222.56
Ped,Primary,2009,152.68
Ped,Primary,2009,104.11
Ped,Primary,2009,102.69
Ped,Primary,2009,173.49
Ped,Primary,2009,105.61
Ped,Primary,2009,234.83
Ped,Primary,2009,271.58
Ped,Primary,2009,237.58
Ped,Primary,2009,240.64
Ped,Primary,2008,1397.41
Ped,Primary,2009,967.75
Ped,Primary,2009,245.38
Ped,Primary,2009,273.33
Ped,Primary,2008,443.68
Ped,Primary,2009,18689.28
Ped,Primary,2007,3672.30
Ped,Primary,2007,2459.46
Ped,Primary,2009,2598.31
Ped,Primary,2009,18.87
Ped,Primary,2009,53.44
Ped,Primary,2008,206.31
Ped,Primary,2009,12.72
Ped,Primary,2008,7.74
Ped,Primary,2008,12.75
Ped,Primary,2008,111.01
Ped,Primary,2009,133.98
Ped,Primary,2009,175.94
Ped,Primary,2009,141.79
Ped,Primary,2008,501.71
Ped,Primary,2009,317.67
Ped,Primary,2009,367.73
Ped,Primary,2009,95.01
Ped,Primary,2009,107.59
Ped,Primary,2009,131.92
Ped,Primary,2009,271.13
Ped,Primary,2009,233.48
Ped,Primary,2009,9734.56
Ped,Primary,2009,145.47
Ped,Primary,2009,2920.30
Ped,Primary,2009,125.34
Ped,Primary,2009,211.86
Ped,Primary,2009,358.15
Ped,Primary,2009,274.51
Ped,Primary,2009,1253.02
Ped,Primary,2008,1864.85
Ped,Primary,2009,1288.90
Ped,Primary,2009,238.39
Ped,Primary,2009,303.07
Ped,Primary,2009,16079.44
Ped,Primary,2009,186.52
Ped,Primary,2009,5148.00
Ped,Primary,1992,946.13
Ped,Primary,1997,253.44
Ped,Primary,2009,326.53
Ped,Primary,2009,1822.40
Ped,Primary,2009,54604.19
Ped,Primary,2009,40763.65
Ped,Primary,2009,316.03
Ped,Primary,2009,1819.11
Ped,Primary,2008,1149.81
Ped,Primary,2008,420.71
Ped,Primary,2008,6.36
Ped,Primary,2004,335.71
Ped,Primary,2004,138.49
Ped,Primary,2004,166.33
Ped,Primary,2008,989.83
Ped,Primary,2009,55.03
Ped,Primary,1999,342.30
Ped,Primary,2009,596.05
Ped,Primary,2009,2187.08
Ped,Primary,2009,1313.05
Ped,Primary,2009,2429.67
Ped,Primary,2009,504.74
Ped,Primary,2009,14.14
Ped,Primary,2009,107.63
Ped,Primary,2009,223.58
Ped,Primary,2009,68.46
Ped,Primary,2009,260.90
Ped,Primary,2009,378.66
Ped,Primary,2009,288.03
Ped,Primary,2009,114.46
Ped,Primary,2009,436.47
Ped,Primary,2008,275.64
Ped,Primary,2009,136.05
Ped,Primary,2009,262.55
Ped,Primary,2009,280.57
Ped,Primary,2009,105.28
Ped,Primary,2009,243.60
Ped,Primary,2009,352.03
Ped,Primary,2009,304.31
Ped,Primary,2008,2327.23
Ped,Primary,2009,263.23
Ped,Primary,2009,281.69
Ped,Primary,2009,277.74
Ped,Primary,2009,426.08
Ped,Primary,2009,694.24
Ped,Primary,2009,205.81
Ped,Primary,2008,351.10
Ped,Primary,2008,949.55
Ped,Primary,1999,2027.99
Ped,Primary,2008,64.39
Ped,Primary,2008,18.88
Ped,Primary,2008,18.68
Ped,Primary,2008,21.72
Ped,Primary,2008,106.70
Ped,Primary,2008,141.45
Ped,Primary,2009,45.79
Ped,Primary,2009,17.46
Ped,Primary,2008,130.45
Ped,Primary,2009,263.46
Ped,Primary,2008,137.23
Ped,Primary,2008,235.28
Ped,Primary,2009,41.00
Ped,Primary,2008,23.80
Ped,Primary,2008,544.04
Ped,Primary,2008,105.15
Ped,Primary,2008,333.39
Ped,Primary,2008,662.02
Ped,Primary,2008,38.15
Ped,Primary,2008,23.33
Ped,Primary,2008,443.09
Ped,Primary,2008,239.03
Ped,Primary,2008,504.28
Ped,Primary,2008,525.94
Ped,Primary,2009,18.35
Ped,Primary,2009,627.46
Ped,Primary,2008,5587.44
Ped,Primary,2008,210.85
Ped,Primary,2008,420.99
Ped,Primary,2008,1719.31
Ped,Primary,2008,100.10
Ped,Primary,2008,1528.35
Ped,Primary,2008,1089.00
Ped,Primary,2008,123.43
Ped,Primary,2008,17.61
Ped,Primary,2008,287.63
Ped,Primary,2008,125.69
Ped,Primary,2008,2738.82
Ped,Primary,2008,225.41
Ped,Primary,2008,36.91
Ped,Primary,2008,238.03
Ped,Primary,2008,314.39
Ped,Primary,2008,163.07
Ped,Primary,2009,145.63
Ped,Primary,2009,24.55
Ped,Primary,2009,74.72
Ped,Primary,2009,22.89
Ped,Primary,2009,19.79
Ped,Primary,2009,104.55
Ped,Primary,2009,157.66
Ped,Primary,2009,17.47
Ped,Primary,2009,15.60
Ped,Primary,2009,10.88
Ped,Primary,2009,11.62
Ped,Primary,2009,51.70
Ped,Primary,2009,60.68
Ped,Primary,2009,17.52
Ped,Primary,2009,20.35
Ped,Primary,2009,316.98
Ped,Primary,2009,508.46
Ped,Primary,2009,302.60
Ped,Primary,2009,101.22
Ped,Primary,2009,161.28
Ped,Primary,2009,219.52
Ped,Primary,2009,243.96
Ped,Primary,2009,405.74
Ped,Primary,2009,102.50
Ped,Primary,2009,98.16
Ped,Primary,2009,103.39
Ped,Primary,2009,99.55
Ped,Primary,2009,248.83
Ped,Primary,2009,206.23
Ped,Primary,2009,205.54
Ped,Primary,2009,168.92
Ped,Primary,2009,36.66
Ped,Primary,2008,1605.77
Ped,Primary,2009,103.81
Ped,Primary,2008,212.16
Ped,Primary,1999,1697.51
Ped,Primary,1999,385.37
Ped,Primary,1995,3741.68
Ped,Primary,1999,2096.94
Ped,Primary,2004,2538.84
Ped,Primary,2004,601.10
Ped,Primary,2004,293.80
Ped,Primary,2004,508.83
Ped,Primary,2004,1794.19
Ped,Primary,2009,11.26
Ped,Primary,1999,1404.48
Ped,Primary,1999,333.58
Ped,Primary,1999,226.53
Ped,Primary,2009,97.73
Ped,Primary,2009,151.94
Ped,Primary,2009,251.99
Ped,Primary,2009,680.46
Ped,Primary,2009,394.44
Ped,Primary,2009,436.20
Ped,Primary,2009,286.19
Ped,Primary,2009,354.74
Ped,Primary,2009,511.36
Ped,Primary,2009,222.00
Ped,Primary,2009,99.57
Ped,Primary,2009,101.00
Ped,Primary,2009,106.40
Ped,Primary,2008,3067.34
Ped,Primary,2008,593.31
Ped,Primary,2009,682.15
Ped,Primary,2008,2507.70
Ped,Primary,2008,597.98
Ped,Primary,2009,7238.99
Ped,Primary,2009,108.55
Ped,Primary,2009,66.59
Ped,Primary,2009,109.55
Ped,Primary,2009,236.78
Ped,Primary,2009,100.73
Ped,Primary,2009,173.76
Ped,Primary,2008,202.18
Ped,Primary,2008,208.17
Ped,Primary,2009,250.57
Ped,Primary,2009,300.58
Ped,Primary,2009,96.06
Ped,Primary,2009,144.47
Ped,Primary,2009,426.03
Ped,Primary,2009,203.89
Ped,Primary,2009,170.88
Ped,Primary,2009,142.11
Ped,Primary,2009,77.64
Ped,Primary,2009,355.46
Ped,Primary,2008,1421.97
Ped,Primary,2009,69.30
Ped,Primary,2009,78.60
Ped,Primary,2009,51.62
Ped,Primary,2008,14.66
Ped,Primary,2009,235.82
Ped,Primary,2009,1150.55
Ped,Primary,2009,141.31
Ped,Primary,2009,922.52
Ped,Primary,2008,231.02
Ped,Primary,2008,346.67
Ped,Primary,2008,82.74
Ped,Primary,2008,23.02
Ped,Primary,2008,9.69
Ped,Primary,2008,31.31
Ped,Primary,2008,330.60
Ped,Primary,2008,153.74
Ped,Primary,2008,54.00
Ped,Primary,2008,110.13
Ped,Primary,2008,131.03
Ped,Primary,2008,150.85
Ped,Primary,2008,206.33
Ped,Primary,2008,122.70
Ped,Primary,2008,20.34
Ped,Primary,2008,258.46
Ped,Primary,2008,96.79
Ped,Primary,2008,2480.49
Ped,Primary,2008,2120.58
Ped,Primary,2008,65.01
Ped,Primary,2008,1446.27
Ped,Primary,2009,140.31
Ped,Primary,2009,166.10
Ped,Primary,2009,197.93
Ped,Primary,2009,143.98
Ped,Primary,2009,98.69
Ped,Primary,2009,162.65
Ped,Primary,2009,351.67
Ped,Primary,2008,3859.66
Ped,Primary,2009,1757.76
Ped,Primary,2009,363.48
Ped,Primary,2009,77.64
Ped,Primary,2009,129.84
Ped,Primary,2009,261.08
Ped,Primary,2009,246.16
Ped,Primary,2009,296.63
Ped,Primary,2009,312.56
Ped,Primary,2009,74.04
Ped,Primary,2009,78.10
Ped,Primary,2009,287.85
Ped,Primary,2009,207.88
Ped,Primary,2009,33.20
Ped,Primary,2009,13.85
Ped,Primary,2009,581.77
Ped,Primary,2009,209.67
Ped,Primary,2009,149.23
Ped,Primary,2008,3704.91
Ped,Primary,2008,7984.90
Ped,Primary,2008,845.54
Ped,Primary,2008,2105.54
Ped,Primary,2008,125.79
Ped,Primary,2008,114.09
Ped,Primary,2008,3932.18
Ped,Primary,2008,1156.88
Ped,Primary,2008,731.68
Ped,Primary,2008,75.60
Ped,Primary,2008,95.16
Ped,Primary,2008,736.37
Ped,Primary,2008,211.58
Ped,Primary,2008,1107.41
Ped,Primary,2008,33.34
Ped,Primary,2008,993.89
Ped,Primary,2008,1185.96
Ped,Primary,2008,184.76
Ped,Primary,2008,166.03
Ped,Primary,2008,846.91
Ped,Primary,2008,10141.99
Ped,Primary,2008,2764.30
Ped,Primary,2008,82.95
Ped,Primary,2008,332.59
Ped,Primary,2008,429.63
Ped,Primary,2008,76.38
Ped,Primary,2008,791.33
Ped,Primary,2008,44.39
Ped,Primary,2008,112.75
Ped,Primary,2008,321.71
Ped,Primary,2008,228.22
Ped,Primary,2008,128.21
Ped,Primary,2008,41.10
Ped,Primary,2008,1100.66
Ped,Primary,2009,379.00
Ped,Primary,2009,228.00
Ped,Primary,2009,249.87
Ped,Primary,2009,105.80
Ped,Primary,2009,424.96
Ped,Primary,2009,229.41
Ped,Primary,2009,230.10
Ped,Primary,2009,140.67
Ped,Primary,2009,181.93
Ped,Primary,2009,4193.44
Ped,Primary,2009,54.10
Ped,Primary,2009,461.13
Ped,Primary,2009,274.77
Ped,Primary,2009,135.76
Ped,Primary,2009,305.70
Ped,Primary,2009,314.27
Ped,Primary,2009,457.37
Ped,Primary,2009,387.13
Ped,Primary,2009,179.06
Ped,Primary,2009,85.17
Ped,Primary,2008,719.17
Ped,Primary,2009,173.62
Ped,Primary,2009,142.10
Ped,Primary,2009,7058.08
Ped,Primary,2009,3030.09
Ped,Primary,2009,931.41
Ped,Primary,2008,1764.28
Ped,Primary,2008,821.65
Ped,Primary,2008,3252.58
Ped,Primary,2008,1853.62
Ped,Primary,2008,3905.27
Ped,Primary,2008,1939.74
Ped,Primary,2008,1801.39
Ped,Primary,2009,4040.47
Ped,Primary,2008,2687.52
Ped,Primary,2008,1559.22
Ped,Primary,2008,3116.88
Ped,Primary,2008,8043.83
Ped,Primary,2009,32.22
Ped,Primary,2008,1180.89
Ped,Primary,2008,656.56
Ped,Primary,2009,543.90
Ped,Primary,2009,98.96
Ped,Primary,2009,114.51
Ped,Primary,2009,542.84
Ped,Primary,2009,245.83
Ped,Primary,2008,824.28
Ped,Primary,2008,966.90
Ped,Primary,2008,1290.43
Ped,Primary,2008,1142.51
Ped,Primary,2008,1211.91
Ped,Primary,2008,1851.72
Ped,Primary,2008,1969.20
Ped,Primary,2008,2056.13
Ped,Primary,2008,1896.21
Ped,Primary,2008,2972.50
Ped,Primary,2008,759.54
Ped,Primary,2008,1508.56
Ped,Primary,2008,604.74
Ped,Primary,2009,192.00
Ped,Primary,2009,100.01
Ped,Primary,2008,1701.02
Ped,Primary,2008,1833.61
Ped,Primary,2008,86.11
Ped,Primary,2008,2565.23
Ped,Primary,2008,1914.43
Ped,Primary,2008,2014.77
Ped,Primary,2008,1824.85
Ped,Primary,2008,69.74
Ped,Primary,2008,54.17
Ped,Primary,2008,17.73
Ped,Primary,2008,1914.85
Ped,Primary,2008,1833.79
Ped,Primary,2008,1695.52
Ped,Primary,2008,1475.25
Ped,Primary,2008,557.59
Ped,Primary,2008,2612.08
Ped,Primary,2008,738.54
Ped,Primary,2009,128.77
Ped,Primary,2008,1266.17
Ped,Primary,2008,774.86
Ped,Primary,2008,857.24
Ped,Primary,2008,827.45
Ped,Primary,2008,898.16
Ped,Primary,2009,141.90
Ped,Primary,2009,431.05
Ped,Primary,2009,486.02
Ped,Primary,2008,2414.17
Ped,Primary,2008,1608.94
Ped,Primary,2009,79.12
Ped,Primary,2009,56.14
Ped,Primary,2008,1212.00
Ped,Primary,2008,1142.91
Ped,Primary,2008,76.36
Ped,Primary,2008,1058.50
Ped,Primary,2008,63.06
Ped,Primary,2008,972.36
Ped,Primary,2008,641.54
Ped,Primary,2008,2284.82
Ped,Primary,2008,2355.28
Ped,Primary,2008,2482.12
Ped,Primary,2008,860.60
Ped,Primary,2009,196.82
Ped,Primary,2008,186.86
Ped,Primary,2008,2959.74
Ped,Primary,2009,70.37
Ped,Primary,1994,495.06
Ped,Primary,1994,6909.94
Ped,Primary,2008,429.88
Ped,Primary,2008,2084.39
Ped,Primary,2008,1514.36
Ped,Primary,2008,27.76
Ped,Primary,2008,3998.81
Ped,Primary,2008,1227.22
Ped,Primary,2008,26.30
Ped,Primary,2008,24.80
Ped,Primary,2008,216.26
Ped,Primary,2008,2707.77
Ped,Primary,2008,3862.74
Ped,Primary,2008,2047.91
Ped,Primary,2008,25.37
Ped,Primary,2008,30.77
Ped,Primary,2008,2161.26
Ped,Primary,2008,656.35
Ped,Primary,2007,18.22
Ped,Primary,2007,755.22
Ped,Primary,2009,568.67
Ped,Primary,2009,2019.35
Ped,Primary,2009,475.45
Ped,Primary,2009,567.64
Ped,Primary,2009,139.78
Ped,Primary,2009,443.54
Ped,Primary,2009,428.72
Ped,Primary,2009,105.80
Ped,Primary,2009,761.91
Ped,Primary,2009,921.76
Ped,Primary,2009,76.85
Ped,Primary,2009,17.04
Ped,Primary,2009,465.34
Ped,Primary,2009,97.44
Ped,Primary,2009,135.39
Ped,Primary,2009,197.94
Ped,Primary,2009,23.72
Ped,Primary,2009,181.47
Ped,Primary,2009,71.13
Ped,Primary,2009,35.57
Ped,Primary,2009,156.30
Ped,Primary,2009,180.77
Ped,Primary,2009,306.22
Ped,Primary,2009,101.56
Ped,Primary,2009,388.44
Ped,Primary,2009,267.14
Ped,Primary,2009,175.30
Ped,Primary,2009,1449.85
Ped,Primary,2009,4610.64
Ped,Primary,2008,808.94
Ped,Primary,2009,1678.58
Ped,Primary,2009,3667.27
Ped,Primary,2009,1328.68
Ped,Primary,2009,1826.52
Ped,Primary,2009,395.80
Ped,Primary,2009,696.36
Ped,Primary,2009,2456.61
Ped,Primary,2009,273.84
Ped,Primary,2009,68.97
Ped,Primary,2009,402.35
Ped,Primary,2009,208.47
Ped,Primary,2009,340.71
Ped,Primary,2009,50.26
Ped,Primary,2009,142.31
Ped,Primary,2009,241.46
Ped,Primary,2009,98.78
Ped,Primary,2009,41.91
Ped,Primary,2009,71.59
Ped,Primary,2009,25.13
Ped,Primary,2009,21.67
Ped,Primary,2009,141.80
Ped,Primary,2009,54.04
Ped,Primary,2009,1643.61
Ped,Primary,2009,142.78
Ped,Primary,2009,5565.52
Ped,Primary,2009,526.28
Ped,Primary,2009,44.85
Ped,Primary,2009,3036.47
Ped,Primary,2009,103.87
Ped,Primary,2009,271.27
Ped,Primary,2009,129.84
Ped,Primary,2009,719.07
Ped,Primary,2009,517.81
Ped,Primary,2009,427.58
Ped,Primary,2009,3167.60
Ped,Primary,2009,313.25
Ped,Primary,2009,241.55
Ped,Primary,2009,305.99
Ped,Primary,2009,315.83
Ped,Primary,2009,2555.80
Ped,Primary,2009,463.11
Ped,Primary,2009,318.89
Ped,Primary,2009,1545.04
Ped,Primary,2009,3713.87
Ped,Primary,2009,68.28
Ped,Primary,2009,376.42
Ped,Primary,2009,143.56
Ped,Primary,2009,511.78
Ped,Primary,2009,411.10
Ped,Primary,2009,2092.65
Ped,Primary,2009,2583.69
Ped,Primary,2009,1807.70
Ped,Primary,2009,4360.73
Ped,Primary,2009,113.72
Ped,Primary,2009,3962.78
Ped,Primary,2009,2815.13
Ped,Primary,2009,108.09
Ped,Primary,2009,176.56
Ped,Primary,2009,202.80
Ped,Primary,2009,65.55
Ped,Primary,2009,318.93
Ped,Primary,2009,3403.75
Ped,Primary,2009,191.50
Ped,Primary,2009,180.68
Ped,Primary,2009,125.79
Ped,Primary,2009,52.09
Ped,Primary,2009,1283.49
Ped,Primary,2009,2188.99
Ped,Primary,2009,338.58
Ped,Primary,2009,96.73
Ped,Primary,2009,105.81
Ped,Primary,2009,2741.12
Ped,Primary,2009,71.52
Ped,Primary,2009,1837.25
Ped,Primary,2009,2245.28
Ped,Primary,2009,187.20
Ped,Primary,2009,224.01
Ped,Primary,2009,115.46
Ped,Primary,1970,55.45
Ped,Primary,2009,367.76
Ped,Primary,2009,319.27
Ped,Primary,2009,238.39
Ped,Primary,2009,87.29
Ped,Primary,2009,56.07
Ped,Primary,2009,63.52
Ped,Primary,2009,104.41
Ped,Primary,2009,1835.28
Ped,Primary,2009,355.04
Ped,Primary,2009,219.70
Ped,Primary,2009,423.79
Ped,Primary,2009,2251.23
Ped,Primary,2009,2464.56
Ped,Primary,2009,108.62
Ped,Primary,2009,22.29
Ped,Primary,2009,159.41
Ped,Primary,2009,2612.63
Ped,Primary,2009,2325.21
Ped,Primary,2009,997.61
Ped,Primary,2009,838.88
Ped,Primary,2009,101.43
Ped,Primary,2009,67.86
Ped,Primary,2009,112.55
Ped,Primary,2009,131.19
Ped,Primary,2009,203.30
Ped,Primary,2009,1193.60
Ped,Primary,2009,100.61
Ped,Primary,2009,568.56
Ped,Primary,2009,169.10
Ped,Primary,2009,102.70
Ped,Primary,2009,213.58
Ped,Primary,2009,137.58
Ped,Primary,2009,322.58
Ped,Primary,2009,204.99
Ped,Primary,2009,206.42
Ped,Primary,2009,167.27
Ped,Primary,2009,107.09
Ped,Primary,2009,120.94
Ped,Primary,2009,515.71
Ped,Primary,2009,782.78
Ped,Primary,2009,336.89
Ped,Primary,2009,1302.42
Ped,Primary,2009,1381.22
Ped,Primary,2009,35.25
Ped,Primary,2009,31.68
Ped,Primary,2009,1810.04
Ped,Primary,2009,61.09
Ped,Primary,1998,527.95
Ped,Primary,2008,116.19
Ped,Primary,2008,146.80
Ped,Primary,2009,584.46
Ped,Primary,2009,395.54
Ped,Primary,2009,2654.07
Ped,Primary,2009,2951.35
Ped,Primary,2009,1774.35
Ped,Primary,2007,1492.16
Ped,Primary,2009,235.42
Ped,Primary,2009,560.19
Ped,Primary,2009,210.53
Ped,Primary,2009,1572.85
Ped,Primary,2009,73.87
Ped,Primary,2009,15.81
Ped,Primary,2009,1515.39
Ped,Primary,2009,108.95
Ped,Primary,2009,52.07
Ped,Primary,2009,62.89
Ped,Primary,2009,1754.50
Ped,Primary,2009,103.34
Ped,Primary,2009,344.86
Ped,Primary,2009,34.59
Ped,Primary,2009,140.83
Ped,Primary,2009,365.69
Ped,Primary,2009,388.25
Ped,Primary,2009,1839.61
Ped,Primary,2009,32.65
Ped,Primary,1994,13145.43
Ped,Primary,2009,146.16
Ped,Primary,2009,994.44
Ped,Primary,2009,133.26
Ped,Primary,2009,213.25
Ped,Primary,2009,223.23
Ped,Primary,2009,65.88
Ped,Primary,1995,490.43
Ped,Primary,1998,1161.44
Ped,Primary,2009,114.94
Ped,Primary,2009,68.62
Ped,Primary,2009,221.56
Ped,Primary,2009,24.33
Ped,Primary,1993,21790.34
Ped,Primary,1998,1356.33
Ped,Primary,1998,224.71
Ped,Primary,1998,4092.19
Ped,Primary,2009,687.36
Ped,Primary,2009,285.30
Ped,Primary,1995,4805.96
Ped,Primary,2009,2305.68
Ped,Primary,2009,108.42
Ped,Primary,2009,1750.58
Ped,Primary,2009,863.54
Ped,Primary,2009,547.92
Ped,Primary,2009,614.26
Ped,Primary,2009,257.23
Ped,Primary,2009,262.40
Ped,Primary,2009,217.60
Ped,Primary,2009,632.03
Ped,Primary,2009,766.07
Ped,Primary,2009,622.76
Ped,Primary,2009,2068.01
Ped,Primary,2009,165.38
Ped,Primary,2009,847.51
Ped,Primary,2009,39.57
Ped,Primary,2009,295.20
Ped,Primary,2009,108.85
Ped,Primary,2009,294.48
Ped,Primary,2009,127.46
Ped,Primary,2009,60.62
Ped,Primary,2009,327.61
Ped,Primary,2009,1062.44
Ped,Primary,1999,874.53
Ped,Primary,1999,2331.10
Ped,Primary,1995,4151.77
Ped,Primary,1995,2479.90
Ped,Primary,1995,3913.96
Ped,Primary,1998,23727.78
Ped,Primary,1995,10720.01
Ped,Primary,1992,313.22
Ped,Primary,1995,3996.70
Ped,Primary,2009,1462.09
Ped,Primary,2009,561.68
Ped,Primary,2009,128.61
Ped,Primary,2009,34.35
Ped,Primary,2009,2494.25
Ped,Primary,1992,557.54
Ped,Primary,2009,424.61
Ped,Primary,1992,103.49
Ped,Primary,1991,1915.88
Ped,Primary,1991,1515.17
Ped,Primary,1991,4445.99
Ped,Primary,1991,2394.66
Ped,Primary,1991,4975.90
Ped,Primary,1992,253.29
Ped,Primary,1962,715.31
Ped,Primary,1992,5838.67
Ped,Primary,2009,228.30
Ped,Primary,1992,5141.30
Ped,Primary,1993,190.75
Ped,Primary,1992,248.24
Ped,Primary,1991,536.13
Ped,Primary,1991,160.49
Ped,Primary,2009,5946.81
Ped,Primary,2009,162.71
Ped,Primary,2009,471.13
Ped,Primary,2009,156.14
Ped,Primary,2008,91.19
Ped,Primary,2008,24.55
Ped,Primary,2009,420.44
Ped,Primary,1991,163.92
Ped,Primary,2009,1942.88
Ped,Primary,2009,154.03
Ped,Primary,2009,866.60
Ped,Primary,2009,29.29
Ped,Primary,2009,33.99
Ped,Primary,2009,17.84
Ped,Primary,2009,241.87
Ped,Primary,2009,26.95
Ped,Primary,2008,261.24
Ped,Primary,2008,75.43
Ped,Primary,2009,37.10
Ped,Primary,2009,98.40
Ped,Primary,2009,76.91
Ped,Primary,2009,26.14
Ped,Primary,2009,92.76
Ped,Primary,2009,316.50
Ped,Primary,2009,196.17
Ped,Primary,2009,363.11
Ped,Primary,2008,250.79
Ped,Primary,2009,58.86
Ped,Primary,2008,475.64
Ped,Primary,2009,66.14
Ped,Primary,2008,229.68
Ped,Primary,2008,55.77
Ped,Primary,2008,41.56
Ped,Primary,2008,31.50
Ped,Primary,2008,96.15
Ped,Primary,2008,195.24
Ped,Primary,2008,321.69
Ped,Primary,2009,53.11
Ped,Primary,2008,320.85
Ped,Primary,2008,26.77
Ped,Primary,2009,934.57
Ped,Primary,2009,29.40
Ped,Primary,2009,150.22
Ped,Primary,2009,138.85
Ped,Primary,2009,78.71
Ped,Primary,2009,320.73
Ped,Primary,2009,9.82
Ped,Primary,2009,69.21
Ped,Primary,2009,183.01
Ped,Primary,2009,1507.96
Ped,Primary,2009,567.97
Ped,Primary,2009,690.26
Ped,Primary,2009,213.08
Ped,Primary,2009,372.03
Ped,Primary,1993,360.43
Ped,Primary,1997,4100.04
Ped,Primary,2010,90.32
Ped,Primary,2010,112.89
Ped,Primary,2009,348.97
Ped,Primary,2010,2373.39
Ped,Primary,2010,137.42
Ped,Primary,2010,215.00
Ped,Primary,2010,62.71
Ped,Primary,2010,353.99
Ped,Primary,2010,107.25
Ped,Primary,2009,175.15
Ped,Primary,2010,226.62
Ped,Primary,2010,87.07
Ped,Primary,2010,166.40
Ped,Primary,2009,126.50
Ped,Primary,2010,169.22
Ped,Primary,2010,73.62
Ped,Primary,2010,7.62
Ped,Primary,2008,395.07
Ped,Primary,2010,1055.14
Ped,Primary,1991,4220.07
Ped,Primary,1992,1159.40
Ped,Primary,1992,3016.91
Ped,Primary,1992,814.29
Ped,Primary,2009,1855.78
Ped,Primary,2010,951.51
Ped,Primary,2009,2956.97
Ped,Primary,2009,2591.15
Ped,Primary,2009,1653.69
Ped,Primary,2009,87.28
Ped,Primary,2009,78.90
Ped,Primary,2009,98.74
Ped,Primary,2009,1818.81
Ped,Primary,2009,133.03
Ped,Primary,2009,79.05
Ped,Primary,2009,984.28
Ped,Primary,2009,2528.79
Ped,Primary,2009,1576.00
Ped,Primary,2009,22.05
Ped,Primary,2009,346.31
Ped,Primary,2009,1724.27
Ped,Primary,2009,208.48
Ped,Primary,2010,1187.15
Ped,Primary,2009,259.47
Ped,Primary,2009,1035.31
Ped,Primary,2009,188.67
Ped,Primary,2009,75.63
Ped,Primary,2009,62.30
Ped,Primary,2009,1190.68
Ped,Primary,2009,650.06
Ped,Primary,2010,337.28
Ped,Primary,2009,555.05
Ped,Primary,2009,196.30
Ped,Primary,2009,276.96
Ped,Primary,2009,26.13
Ped,Primary,2008,1107.36
Ped,Primary,2010,2524.92
Ped,Primary,2009,843.57
Ped,Primary,2010,664.97
Ped,Primary,2009,2099.84
Ped,Primary,2009,2691.22
Ped,Primary,2009,1711.38
Ped,Primary,2009,1892.39
Ped,Primary,2009,881.17
Ped,Primary,2010,299.04
Ped,Primary,2009,736.72
Ped,Primary,2009,1084.47
Ped,Primary,2009,940.57
Ped,Primary,2009,157.40
Ped,Primary,2009,416.80
Ped,Primary,2009,597.78
Ped,Primary,2009,1867.83
Ped,Primary,2010,661.62
Ped,Primary,2009,2612.56
Ped,Primary,2010,2086.83
Ped,Primary,2009,3605.33
Ped,Primary,2009,1701.98
Ped,Primary,2010,5697.04
Ped,Primary,2010,2172.71
Ped,Primary,2010,1056.32
Ped,Primary,2010,1974.82
Ped,Primary,2010,205.05
Ped,Primary,2009,1327.18
Ped,Primary,2010,1660.91
Ped,Primary,2010,3213.31
Ped,Primary,2010,403.82
Ped,Primary,2010,1293.83
Ped,Primary,2009,1465.62
Ped,Primary,2010,52.40
Ped,Primary,2009,1344.60
Ped,Primary,2010,240.64
Ped,Primary,2009,806.05
Ped,Primary,2009,607.05
Ped,Primary,2009,1156.04
Ped,Primary,2009,1023.12
Ped,Primary,2009,238.35
Ped,Primary,2009,735.77
Ped,Primary,2010,132.86
Ped,Primary,2009,871.37
Ped,Primary,2009,689.22
Ped,Primary,2010,199.51
Ped,Primary,2009,338.85
Ped,Primary,2009,687.53
Ped,Primary,2010,142.61
Ped,Primary,2010,209.69
Ped,Primary,2009,842.90
Ped,Primary,2010,101.94
Ped,Primary,2009,1284.69
Ped,Primary,2009,534.33
Ped,Primary,2010,167.69
Ped,Primary,2009,1384.13
Ped,Primary,2009,918.18
Ped,Primary,2009,2439.59
Ped,Primary,2009,813.10
Ped,Primary,2010,47.13
Ped,Primary,2010,83.53
Ped,Primary,2010,94.70
Ped,Primary,2009,132.36
Ped,Primary,2010,36.87
Ped,Primary,2009,11.77
Ped,Primary,2011,31.48
Ped,Primary,2011,29.96
Ped,Primary,2011,7.08
Ped,Primary,2011,28.47
Ped,Primary,2011,20.94
Ped,Primary,2011,30.87
Ped,Primary,2011,31.01
Ped,Primary,2011,29.27
Ped,Primary,2011,97.56
Ped,Primary,2011,561.78
Ped,Primary,2011,39.38
Ped,Primary,2011,67.68
Ped,Primary,2011,20.92
Ped,Primary,2011,2.75
Ped,Primary,2011,1108.61
Ped,Primary,2011,754.76
Ped,Primary,2011,897.06
Ped,Primary,2011,194.05
Ped,Primary,2011,338.45
Ped,Primary,2011,7.29
Ped,Primary,2011,8.00
Ped,Primary,2011,7.24
Ped,Primary,2011,7.84
Ped,Primary,2011,8.03
Ped,Primary,2011,13.32
Ped,Primary,2011,26.51
Ped,Primary,2011,26.16
Ped,Primary,2011,25.67
Ped,Primary,2011,26.14
Ped,Primary,2011,26.19
Ped,Primary,2011,9.22
Ped,Primary,2011,18.59
Ped,Primary,2011,13.55
Ped,Primary,2011,520.44
Ped,Primary,2011,79.83
Ped,Primary,2011,424.08
Ped,Primary,2011,468.18
Ped,Primary,2011,625.72
Ped,Primary,2011,1159.53
Ped,Primary,2011,7.05
Ped,Primary,2011,9.11
Ped,Primary,2011,8.28
Ped,Primary,2011,6.82
Ped,Primary,2011,8.03
Ped,Primary,2011,86.60
Ped,Primary,2011,15.27
Ped,Primary,2011,7.70
Ped,Primary,2011,53.48
Ped,Primary,2011,57.93
Ped,Primary,2011,6.96
Ped,Primary,2010,162.11
Ped,Primary,2009,92.68
Ped,Primary,2011,1064.49
Ped,Primary,2011,303.06
Ped,Primary,2011,228.72
Ped,Primary,2011,879.56
Ped,Primary,2011,644.89
Ped,Primary,2011,302.93
Ped,Primary,2011,115.01
Ped,Primary,2011,422.74
Ped,Primary,2011,349.19
Ped,Primary,2011,384.64
Ped,Primary,2011,121.73
Ped,Primary,2011,141.97
Ped,Primary,2011,636.43
Ped,Primary,2011,410.02
Ped,Primary,2011,236.96
Ped,Primary,2011,69.82
Ped,Primary,2005,308.27
Ped,Primary,2011,155.52
Ped,Primary,2009,121.82
Ped,Primary,2011,97.05
Ped,Primary,2011,460.97
Ped,Primary,2011,302.87
Ped,Primary,2011,744.83
Ped,Primary,2011,171.11
Ped,Primary,2011,352.24
Ped,Primary,2011,471.42
Ped,Primary,2011,807.16
Ped,Primary,2011,98.87
Ped,Primary,2011,358.31
Ped,Primary,2011,559.57
Ped,Primary,2011,1028.02
Ped,Primary,2011,13.60
Ped,Primary,2011,68.91
Ped,Primary,2011,287.36
Ped,Primary,2011,23.08
Ped,Primary,2011,1073.61
Ped,Primary,2011,185.52
Ped,Primary,2011,345.07
Ped,Primary,2011,90.69
Ped,Primary,2011,155.52
Ped,Primary,2011,355.07
Ped,Primary,2011,206.04
Ped,Primary,2011,306.73
Ped,Primary,2011,447.30
Ped,Primary,2011,284.42
Ped,Primary,2011,504.04
Ped,Primary,2011,198.45
Ped,Primary,2011,387.63
Ped,Primary,2011,339.91
Ped,Primary,2011,1467.40
Ped,Primary,2011,418.84
Ped,Primary,2011,157.31
Ped,Primary,2011,62.70
Ped,Primary,2011,80.21
Ped,Primary,2011,228.32
Ped,Primary,2011,334.92
Ped,Primary,2011,619.18
Ped,Primary,2011,457.69
Ped,Primary,2011,641.40
Ped,Primary,2011,771.57
Ped,Primary,2011,1873.91
Ped,Primary,2011,2386.92
Ped,Primary,2011,5140.98
Ped,Primary,2011,624.51
Ped,Primary,2011,843.75
Ped,Primary,2011,1390.55
Ped,Primary,2011,1845.44
Ped,Primary,2011,556.67
Ped,Primary,2011,1920.44
Ped,Primary,2011,1254.87
Ped,Primary,2011,168.04
Ped,Primary,2011,2398.28
Ped,Primary,2011,53.47
Ped,Primary,2008,60.42
Ped,Primary,2011,15.64
Ped,Primary,2011,13.26
Ped,Primary,2011,1710.05
Ped,Primary,2005,61.55
Ped,Primary,2005,11.43
Ped,Primary,2011,1257.47
Ped,Primary,2011,139.94
Ped,Primary,2011,333.68
Ped,Primary,2011,483.10
Ped,Primary,2011,329.97
Ped,Primary,2011,325.66
Ped,Primary,2011,1243.82
Ped,Primary,2011,303.36
Ped,Primary,2011,530.21
Ped,Primary,2011,63.06
Ped,Primary,2012,483.36
Ped,Primary,2012,704.84
Ped,Primary,2012,793.90
Ped,Primary,2012,922.88
Ped,Primary,2012,1027.17
Ped,Primary,2012,2246.67
Ped,Primary,2012,328.37
Ped,Primary,2012,223.67
Ped,Primary,2012,294.57
Ped,Primary,2012,334.95
Ped,Primary,2012,121.50
Ped,Primary,2012,1682.40
Ped,Primary,2012,269.61
Ped,Primary,2012,1048.41
Ped,Primary,TBD,21.20
Ped,Primary,TBD,45.37
Ped,Primary,2009,33.42
Ped,Primary,2012,19.91
Ped,Primary,2012,1136.23
Ped,Primary,2008,28.74
Ped,Primary,2008,313.95
Ped,Primary,2009,190.83
Ped,Primary,2012,2031.00
Ped,Primary,2009,42.20
Ped,Primary,2008,225.29
Ped,Primary,2008,135.55
Ped,Primary,2008,13.60
Ped,Primary,2012,54.76
Ped,Primary,2012,57.44
Ped,Primary,2012,22.05
Ped,Primary,2009,69.61
Ped,Primary,2012,3174.54
Ped,Primary,2012,478.86
Ped,Primary,2006,957.17
Ped,Primary,2012,6187.72
Ped,Primary,2008,77.80
Ped,Primary,2012,720.92
Ped,Primary,2010,54.42
Ped,Primary,2013,101.68
Ped,Primary,2013,22.27
Ped,Primary,2013,186.84
Ped,Primary,2013,241.58
Ped,Primary,2013,544.46
Ped,Primary,2013,443.31
Ped,Primary,TBD,56.71
Ped,Primary,TBD,31.09
Ped,Primary,TBD,22.24
Ped,Primary,TBD,22.48
Ped,Primary,2009,370.39
Ped,Primary,2009,103.86
Ped,Primary,2008,688.16
Ped,Primary,TBD,25.95
Ped,Primary,2014,3464.58
Ped,Primary,TBD,48.95
Ped,Primary,TBD,25.62
Ped,Primary,TBD,53.26
Ped,Primary,TBD,53.30
Ped,Primary,TBD,52.43
Ped,Primary,TBD,20.26
Ped,Primary,TBD,23.00
Ped,Primary,TBD,24.70
Ped,Primary,TBD,62.11
Ped,Primary,TBD,56.03
Ped,Primary,TBD,27.95
Ped,Primary,2010,16.57
Ped,Primary,TBD,20.32
Ped,Primary,2011,24.88
Ped,Primary,2009,156.71
Ped,Primary,1970,302.40
Ped,Primary,TBD,21.90
Ped,Primary,2009,22.03
Ped,Primary,TBD,111.27
Ped,Primary,2012,437.33
Ped,Primary,2012,159.25
Ped,Primary,TBD,159.60
Ped,Primary,2015,531.63
Ped,Primary,2011,1330.66
Ped,Primary,2011,632.80
Ped,Primary,2012,19.29